{"type":"FeatureCollection","note":"Bounding envelopes of Flood_Risk_Extents features (357 as of 2026-08-13). Envelopes are conservative: a hit means a flood risk study area exists in this vicinity, not that the boundary lies in a mapped flood zone. Authoritative extents: Water Resources flood mapping.","features":[{"type":"Feature","properties":{"name":"Stephenville Crossing \u2014 Current condition","Study_Area":"Stephenville Crossing","WaterBody":null,"FRZ_Type":"Current condition","ReturnPeriod":"20 Year","Study_Year":2012,"Study_url":"https://www.gov.nl.ca/eccc/waterres/flooding/frm/"},"geometry":{"type":"Polygon","coordinates":[[[-58.49781,48.46286],[-58.38004,48.46286],[-58.38004,48.52157],[-58.49781,48.52157],[-58.49781,48.46286]]]}},{"type":"Feature","properties":{"name":"Stephenville Crossing \u2014 Current condition","Study_Area":"Stephenville Crossing","WaterBody":null,"FRZ_Type":"Current condition","ReturnPeriod":"100 Year","Study_Year":2012,"Study_url":"https://www.gov.nl.ca/eccc/waterres/flooding/frm/"},"geometry":{"type":"Polygon","coordinates":[[[-58.49781,48.46286],[-58.38004,48.46286],[-58.38004,48.52157],[-58.49781,48.52157],[-58.49781,48.46286]]]}},{"type":"Feature","properties":{"name":"Stephenville Crossing \u2014 Climate change","Study_Area":"Stephenville Crossing","WaterBody":null,"FRZ_Type":"Climate change","ReturnPeriod":"20 Year","Study_Year":2012,"Study_url":"https://www.gov.nl.ca/eccc/waterres/flooding/frm/"},"geometry":{"type":"Polygon","coordinates":[[[-58.48893,48.46286],[-58.38004,48.46286],[-58.38004,48.52157],[-58.48893,48.52157],[-58.48893,48.46286]]]}},{"type":"Feature","properties":{"name":"Stephenville Crossing \u2014 Climate change","Study_Area":"Stephenville Crossing","WaterBody":null,"FRZ_Type":"Climate change","ReturnPeriod":"100 Year","Study_Year":2012,"Study_url":"https://www.gov.nl.ca/eccc/waterres/flooding/frm/"},"geometry":{"type":"Polygon","coordinates":[[[-58.48893,48.46286],[-58.38004,48.46286],[-58.38004,48.52157],[-58.48893,48.52157],[-58.48893,48.46286]]]}},{"type":"Feature","properties":{"name":"Stephenville \u2014 Cold Brook \u2014 Current condition","Study_Area":"Stephenville","WaterBody":"Cold Brook","FRZ_Type":"Current condition","ReturnPeriod":"20 Year","Study_Year":2009,"Study_url":"https://www.gov.nl.ca/eccc/waterres/flooding/frm/"},"geometry":{"type":"Polygon","coordinates":[[[-58.53706,48.58709],[-58.52529,48.58709],[-58.52529,48.59646],[-58.53706,48.59646],[-58.53706,48.58709]]]}},{"type":"Feature","properties":{"name":"Stephenville \u2014 Cold Brook \u2014 Current condition","Study_Area":"Stephenville","WaterBody":"Cold Brook","FRZ_Type":"Current condition","ReturnPeriod":"100 Year","Study_Year":2009,"Study_url":"https://www.gov.nl.ca/eccc/waterres/flooding/frm/"},"geometry":{"type":"Polygon","coordinates":[[[-58.53723,48.58698],[-58.52529,48.58698],[-58.52529,48.59646],[-58.53723,48.59646],[-58.53723,48.58698]]]}},{"type":"Feature","properties":{"name":"Stephenville \u2014 Cold Brook \u2014 Climate change","Study_Area":"Stephenville","WaterBody":"Cold Brook","FRZ_Type":"Climate change","ReturnPeriod":"100 Year","Study_Year":2009,"Study_url":"https://www.gov.nl.ca/eccc/waterres/flooding/frm/"},"geometry":{"type":"Polygon","coordinates":[[[-58.53723,48.58698],[-58.52529,48.58698],[-58.52529,48.59658],[-58.53723,48.59658],[-58.53723,48.58698]]]}},{"type":"Feature","properties":{"name":"Stephenville \u2014 Blanche Brook / Warm Creek \u2014 Current condition","Study_Area":"Stephenville","WaterBody":"Blanche Brook / Warm Creek","FRZ_Type":"Current condition","ReturnPeriod":"20 Year","Study_Year":2009,"Study_url":"https://www.gov.nl.ca/eccc/waterres/flooding/frm/"},"geometry":{"type":"Polygon","coordinates":[[[-58.60858,48.52745],[-58.49985,48.52745],[-58.49985,48.57106],[-58.60858,48.57106],[-58.60858,48.52745]]]}},{"type":"Feature","properties":{"name":"Stephenville \u2014 Blanche Brook / Warm Creek \u2014 Current condition","Study_Area":"Stephenville","WaterBody":"Blanche Brook / Warm Creek","FRZ_Type":"Current condition","ReturnPeriod":"100 Year","Study_Year":2009,"Study_url":"https://www.gov.nl.ca/eccc/waterres/flooding/frm/"},"geometry":{"type":"Polygon","coordinates":[[[-58.60858,48.52745],[-58.50003,48.52745],[-58.50003,48.57106],[-58.60858,48.57106],[-58.60858,48.52745]]]}},{"type":"Feature","properties":{"name":"Stephenville \u2014 Blanche Brook / Warm Creek \u2014 Climate change","Study_Area":"Stephenville","WaterBody":"Blanche Brook / Warm Creek","FRZ_Type":"Climate change","ReturnPeriod":"100 Year","Study_Year":2009,"Study_url":"https://www.gov.nl.ca/eccc/waterres/flooding/frm/"},"geometry":{"type":"Polygon","coordinates":[[[-58.60858,48.52745],[-58.50003,48.52745],[-58.50003,48.57106],[-58.60858,48.57106],[-58.60858,48.52745]]]}},{"type":"Feature","properties":{"name":"Logy Bay - Middle Cove - Outer Cove \u2014 Coakers River \u2014 Climate change","Study_Area":"Logy Bay - Middle Cove - Outer Cove","WaterBody":"Coakers River","FRZ_Type":"Climate change","ReturnPeriod":"100 Year","Study_Year":2012,"Study_url":"https://www.gov.nl.ca/eccc/waterres/flooding/frm/"},"geometry":{"type":"Polygon","coordinates":[[[-52.69862,47.61739],[-52.66823,47.61739],[-52.66823,47.62717],[-52.69862,47.62717],[-52.69862,47.61739]]]}},{"type":"Feature","properties":{"name":"Logy Bay - Middle Cove - Outer Cove \u2014 Coakers River \u2014 Current condition","Study_Area":"Logy Bay - Middle Cove - Outer Cove","WaterBody":"Coakers River","FRZ_Type":"Current condition","ReturnPeriod":"100 Year","Study_Year":2012,"Study_url":"https://www.gov.nl.ca/eccc/waterres/flooding/frm/"},"geometry":{"type":"Polygon","coordinates":[[[-52.69844,47.61739],[-52.6684,47.61739],[-52.6684,47.62717],[-52.69844,47.62717],[-52.69844,47.61739]]]}},{"type":"Feature","properties":{"name":"Logy Bay - Middle Cove - Outer Cove \u2014 Coakers River \u2014 Climate change","Study_Area":"Logy Bay - Middle Cove - Outer Cove","WaterBody":"Coakers River","FRZ_Type":"Climate change","ReturnPeriod":"20 Year","Study_Year":2012,"Study_url":"https://www.gov.nl.ca/eccc/waterres/flooding/frm/"},"geometry":{"type":"Polygon","coordinates":[[[-52.69844,47.61739],[-52.6684,47.61739],[-52.6684,47.62717],[-52.69844,47.62717],[-52.69844,47.61739]]]}},{"type":"Feature","properties":{"name":"Logy Bay - Middle Cove - Outer Cove \u2014 Coakers River \u2014 Current condition","Study_Area":"Logy Bay - Middle Cove - Outer Cove","WaterBody":"Coakers River","FRZ_Type":"Current condition","ReturnPeriod":"20 Year","Study_Year":2012,"Study_url":"https://www.gov.nl.ca/eccc/waterres/flooding/frm/"},"geometry":{"type":"Polygon","coordinates":[[[-52.69827,47.61739],[-52.6684,47.61739],[-52.6684,47.62717],[-52.69827,47.62717],[-52.69827,47.61739]]]}},{"type":"Feature","properties":{"name":"Logy Bay - Middle Cove - Outer Cove \u2014 Drukens River \u2014 Climate change","Study_Area":"Logy Bay - Middle Cove - Outer Cove","WaterBody":"Drukens River","FRZ_Type":"Climate change","ReturnPeriod":"100 Year","Study_Year":2012,"Study_url":"https://www.gov.nl.ca/eccc/waterres/flooding/frm/"},"geometry":{"type":"Polygon","coordinates":[[[-52.69554,47.61555],[-52.66875,47.61555],[-52.66875,47.62509],[-52.69554,47.62509],[-52.69554,47.61555]]]}},{"type":"Feature","properties":{"name":"Logy Bay - Middle Cove - Outer Cove \u2014 Drukens River \u2014 Current condition","Study_Area":"Logy Bay - Middle Cove - Outer Cove","WaterBody":"Drukens River","FRZ_Type":"Current condition","ReturnPeriod":"100 Year","Study_Year":2012,"Study_url":"https://www.gov.nl.ca/eccc/waterres/flooding/frm/"},"geometry":{"type":"Polygon","coordinates":[[[-52.69537,47.61566],[-52.66875,47.61566],[-52.66875,47.62509],[-52.69537,47.62509],[-52.69537,47.61566]]]}},{"type":"Feature","properties":{"name":"Logy Bay - Middle Cove - Outer Cove \u2014 Drukens River \u2014 Climate change","Study_Area":"Logy Bay - Middle Cove - Outer Cove","WaterBody":"Drukens River","FRZ_Type":"Climate change","ReturnPeriod":"20 Year","Study_Year":2012,"Study_url":"https://www.gov.nl.ca/eccc/waterres/flooding/frm/"},"geometry":{"type":"Polygon","coordinates":[[[-52.69537,47.61566],[-52.66875,47.61566],[-52.66875,47.62509],[-52.69537,47.62509],[-52.69537,47.61566]]]}},{"type":"Feature","properties":{"name":"Logy Bay - Middle Cove - Outer Cove \u2014 Drukens River \u2014 Current condition","Study_Area":"Logy Bay - Middle Cove - Outer Cove","WaterBody":"Drukens River","FRZ_Type":"Current condition","ReturnPeriod":"20 Year","Study_Year":2012,"Study_url":"https://www.gov.nl.ca/eccc/waterres/flooding/frm/"},"geometry":{"type":"Polygon","coordinates":[[[-52.69537,47.61566],[-52.66875,47.61566],[-52.66875,47.62509],[-52.69537,47.62509],[-52.69537,47.61566]]]}},{"type":"Feature","properties":{"name":"Logy Bay - Middle Cove - Outer Cove \u2014 Kennedys River \u2014 Climate change","Study_Area":"Logy Bay - Middle Cove - Outer Cove","WaterBody":"Kennedys River","FRZ_Type":"Climate change","ReturnPeriod":"100 Year","Study_Year":2012,"Study_url":"https://www.gov.nl.ca/eccc/waterres/flooding/frm/"},"geometry":{"type":"Polygon","coordinates":[[[-52.72183,47.63729],[-52.69605,47.63729],[-52.69605,47.65028],[-52.72183,47.65028],[-52.72183,47.63729]]]}},{"type":"Feature","properties":{"name":"Logy Bay - Middle Cove - Outer Cove \u2014 Kennedys River \u2014 Current condition","Study_Area":"Logy Bay - Middle Cove - Outer Cove","WaterBody":"Kennedys River","FRZ_Type":"Current condition","ReturnPeriod":"100 Year","Study_Year":2012,"Study_url":"https://www.gov.nl.ca/eccc/waterres/flooding/frm/"},"geometry":{"type":"Polygon","coordinates":[[[-52.72183,47.63729],[-52.69605,47.63729],[-52.69605,47.65028],[-52.72183,47.65028],[-52.72183,47.63729]]]}},{"type":"Feature","properties":{"name":"Logy Bay - Middle Cove - Outer Cove \u2014 Kennedys River \u2014 Climate change","Study_Area":"Logy Bay - Middle Cove - Outer Cove","WaterBody":"Kennedys River","FRZ_Type":"Climate change","ReturnPeriod":"20 Year","Study_Year":2012,"Study_url":"https://www.gov.nl.ca/eccc/waterres/flooding/frm/"},"geometry":{"type":"Polygon","coordinates":[[[-52.72183,47.63729],[-52.69623,47.63729],[-52.69623,47.6504],[-52.72183,47.6504],[-52.72183,47.63729]]]}},{"type":"Feature","properties":{"name":"Logy Bay - Middle Cove - Outer Cove \u2014 Kennedys River \u2014 Current condition","Study_Area":"Logy Bay - Middle Cove - Outer Cove","WaterBody":"Kennedys River","FRZ_Type":"Current condition","ReturnPeriod":"20 Year","Study_Year":2012,"Study_url":"https://www.gov.nl.ca/eccc/waterres/flooding/frm/"},"geometry":{"type":"Polygon","coordinates":[[[-52.72166,47.63729],[-52.69623,47.63729],[-52.69623,47.6504],[-52.72166,47.6504],[-52.72166,47.63729]]]}},{"type":"Feature","properties":{"name":"Goulds - Petty Harbour \u2014 Petty Harbour River \u2014 Current condition","Study_Area":"Goulds - Petty Harbour","WaterBody":"Petty Harbour River","FRZ_Type":"Current condition","ReturnPeriod":"20 Year","Study_Year":2013,"Study_url":"https://www.gov.nl.ca/eccc/waterres/flooding/frm/"},"geometry":{"type":"Polygon","coordinates":[[[-52.83926,47.41831],[-52.70305,47.41831],[-52.70305,47.48214],[-52.83926,47.48214],[-52.83926,47.41831]]]}},{"type":"Feature","properties":{"name":"Goulds - Petty Harbour \u2014 Petty Harbour River \u2014 Current condition","Study_Area":"Goulds - Petty Harbour","WaterBody":"Petty Harbour River","FRZ_Type":"Current condition","ReturnPeriod":"100 Year","Study_Year":2013,"Study_url":"https://www.gov.nl.ca/eccc/waterres/flooding/frm/"},"geometry":{"type":"Polygon","coordinates":[[[-52.83926,47.41831],[-52.70305,47.41831],[-52.70305,47.48214],[-52.83926,47.48214],[-52.83926,47.41831]]]}},{"type":"Feature","properties":{"name":"Goulds - Petty Harbour \u2014 Petty Harbour River \u2014 Climate change","Study_Area":"Goulds - Petty Harbour","WaterBody":"Petty Harbour River","FRZ_Type":"Climate change","ReturnPeriod":"20 Year","Study_Year":2013,"Study_url":"https://www.gov.nl.ca/eccc/waterres/flooding/frm/"},"geometry":{"type":"Polygon","coordinates":[[[-52.83926,47.41831],[-52.70305,47.41831],[-52.70305,47.48214],[-52.83926,47.48214],[-52.83926,47.41831]]]}},{"type":"Feature","properties":{"name":"Goulds - Petty Harbour \u2014 Petty Harbour River \u2014 Climate change","Study_Area":"Goulds - Petty Harbour","WaterBody":"Petty Harbour River","FRZ_Type":"Climate change","ReturnPeriod":"100 Year","Study_Year":2013,"Study_url":"https://www.gov.nl.ca/eccc/waterres/flooding/frm/"},"geometry":{"type":"Polygon","coordinates":[[[-52.83926,47.41831],[-52.70305,47.41831],[-52.70305,47.48214],[-52.83926,47.48214],[-52.83926,47.41831]]]}},{"type":"Feature","properties":{"name":"Corner Brook \u2014 Corner Brook Stream \u2014 Current condition","Study_Area":"Corner Brook","WaterBody":"Corner Brook Stream","FRZ_Type":"Current condition","ReturnPeriod":"100 Year","Study_Year":2013,"Study_url":"https://www.gov.nl.ca/eccc/waterres/flooding/frm/"},"geometry":{"type":"Polygon","coordinates":[[[-57.98884,48.92713],[-57.92756,48.92713],[-57.92756,48.9574],[-57.98884,48.9574],[-57.98884,48.92713]]]}},{"type":"Feature","properties":{"name":"Corner Brook \u2014 Corner Brook Stream \u2014 Climate change","Study_Area":"Corner Brook","WaterBody":"Corner Brook Stream","FRZ_Type":"Climate change","ReturnPeriod":"20 Year","Study_Year":2013,"Study_url":"https://www.gov.nl.ca/eccc/waterres/flooding/frm/"},"geometry":{"type":"Polygon","coordinates":[[[-57.98884,48.92713],[-57.92756,48.92713],[-57.92756,48.9574],[-57.98884,48.9574],[-57.98884,48.92713]]]}},{"type":"Feature","properties":{"name":"Corner Brook \u2014 Petrie's Brook \u2014 Climate change","Study_Area":"Corner Brook","WaterBody":"Petrie's Brook","FRZ_Type":"Climate change","ReturnPeriod":"20 Year","Study_Year":2013,"Study_url":"https://www.gov.nl.ca/eccc/waterres/flooding/frm/"},"geometry":{"type":"Polygon","coordinates":[[[-58.01854,48.94148],[-58.01342,48.94148],[-58.01342,48.96446],[-58.01854,48.96446],[-58.01854,48.94148]]]}},{"type":"Feature","properties":{"name":"Black Duck Siding \u2014 Harry's River \u2014 Climate change","Study_Area":"Black Duck Siding","WaterBody":"Harry's River","FRZ_Type":"Climate change","ReturnPeriod":"100 Year","Study_Year":2012,"Study_url":"https://www.gov.nl.ca/eccc/waterres/flooding/frm/"},"geometry":{"type":"Polygon","coordinates":[[[-58.39454,48.55705],[-58.35409,48.55705],[-58.35409,48.58551],[-58.39454,48.58551],[-58.39454,48.55705]]]}},{"type":"Feature","properties":{"name":"Black Duck Siding \u2014 Harry's River \u2014 Climate change","Study_Area":"Black Duck Siding","WaterBody":"Harry's River","FRZ_Type":"Climate change","ReturnPeriod":"20 Year","Study_Year":2012,"Study_url":"https://www.gov.nl.ca/eccc/waterres/flooding/frm/"},"geometry":{"type":"Polygon","coordinates":[[[-58.39454,48.55705],[-58.35426,48.55705],[-58.35426,48.58551],[-58.39454,48.58551],[-58.39454,48.55705]]]}},{"type":"Feature","properties":{"name":"Black Duck Siding \u2014 Harry's River \u2014 Current condition","Study_Area":"Black Duck Siding","WaterBody":"Harry's River","FRZ_Type":"Current condition","ReturnPeriod":"100 Year","Study_Year":2012,"Study_url":"https://www.gov.nl.ca/eccc/waterres/flooding/frm/"},"geometry":{"type":"Polygon","coordinates":[[[-58.39454,48.55705],[-58.35341,48.55705],[-58.35341,48.58551],[-58.39454,48.58551],[-58.39454,48.55705]]]}},{"type":"Feature","properties":{"name":"Black Duck Siding \u2014 Harry's River \u2014 Current condition","Study_Area":"Black Duck Siding","WaterBody":"Harry's River","FRZ_Type":"Current condition","ReturnPeriod":"20 Year","Study_Year":2012,"Study_url":"https://www.gov.nl.ca/eccc/waterres/flooding/frm/"},"geometry":{"type":"Polygon","coordinates":[[[-58.39454,48.55705],[-58.35426,48.55705],[-58.35426,48.58551],[-58.39454,48.58551],[-58.39454,48.55705]]]}},{"type":"Feature","properties":{"name":"Bay Roberts \u2014 Shearstown Brook \u2014 Current condition","Study_Area":"Bay Roberts","WaterBody":"Shearstown Brook","FRZ_Type":"Current condition","ReturnPeriod":"20 Year","Study_Year":2012,"Study_url":"https://www.gov.nl.ca/eccc/waterres/flooding/frm/"},"geometry":{"type":"Polygon","coordinates":[[[-53.33286,47.56455],[-53.22806,47.56455],[-53.22806,47.6297],[-53.33286,47.6297],[-53.33286,47.56455]]]}},{"type":"Feature","properties":{"name":"Bay Roberts \u2014 Shearstown Brook \u2014 Current condition","Study_Area":"Bay Roberts","WaterBody":"Shearstown Brook","FRZ_Type":"Current condition","ReturnPeriod":"100 Year","Study_Year":2012,"Study_url":"https://www.gov.nl.ca/eccc/waterres/flooding/frm/"},"geometry":{"type":"Polygon","coordinates":[[[-53.33286,47.56455],[-53.22806,47.56455],[-53.22806,47.6297],[-53.33286,47.6297],[-53.33286,47.56455]]]}},{"type":"Feature","properties":{"name":"Bay Roberts \u2014 Shearstown Brook \u2014 Climate change","Study_Area":"Bay Roberts","WaterBody":"Shearstown Brook","FRZ_Type":"Climate change","ReturnPeriod":"20 Year","Study_Year":2012,"Study_url":"https://www.gov.nl.ca/eccc/waterres/flooding/frm/"},"geometry":{"type":"Polygon","coordinates":[[[-53.33303,47.56398],[-53.22806,47.56398],[-53.22806,47.6297],[-53.33303,47.6297],[-53.33303,47.56398]]]}},{"type":"Feature","properties":{"name":"Bay Roberts \u2014 Shearstown Brook \u2014 Climate change","Study_Area":"Bay Roberts","WaterBody":"Shearstown Brook","FRZ_Type":"Climate change","ReturnPeriod":"100 Year","Study_Year":2012,"Study_url":"https://www.gov.nl.ca/eccc/waterres/flooding/frm/"},"geometry":{"type":"Polygon","coordinates":[[[-53.33389,47.56398],[-53.22806,47.56398],[-53.22806,47.6297],[-53.33389,47.6297],[-53.33389,47.56398]]]}},{"type":"Feature","properties":{"name":"Cox's Cove \u2014 Cox's Brook \u2014 Current condition","Study_Area":"Cox's Cove","WaterBody":"Cox's Brook","FRZ_Type":"Current condition","ReturnPeriod":"20 Year","Study_Year":1988,"Study_url":"https://www.gov.nl.ca/eccc/waterres/flooding/frm/"},"geometry":{"type":"Polygon","coordinates":[[[-58.08135,49.11718],[-58.06735,49.11718],[-58.06735,49.1279],[-58.08135,49.1279],[-58.08135,49.11718]]]}},{"type":"Feature","properties":{"name":"Cox's Cove \u2014 Cox's Brook \u2014 Current condition","Study_Area":"Cox's Cove","WaterBody":"Cox's Brook","FRZ_Type":"Current condition","ReturnPeriod":"100 Year","Study_Year":1988,"Study_url":"https://www.gov.nl.ca/eccc/waterres/flooding/frm/"},"geometry":{"type":"Polygon","coordinates":[[[-58.08135,49.11718],[-58.06735,49.11718],[-58.06735,49.1279],[-58.08135,49.1279],[-58.08135,49.11718]]]}},{"type":"Feature","properties":{"name":"Glenwood / Appleton \u2014 Gander River \u2014 Current condition","Study_Area":"Glenwood / Appleton","WaterBody":"Gander River","FRZ_Type":"Current condition","ReturnPeriod":"20 Year","Study_Year":1989,"Study_url":"https://www.gov.nl.ca/eccc/waterres/flooding/frm/"},"geometry":{"type":"Polygon","coordinates":[[[-54.88229,48.97454],[-54.86369,48.97454],[-54.86369,48.99941],[-54.88229,48.99941],[-54.88229,48.97454]]]}},{"type":"Feature","properties":{"name":"Glenwood / Appleton \u2014 Gander River \u2014 Current condition","Study_Area":"Glenwood / Appleton","WaterBody":"Gander River","FRZ_Type":"Current condition","ReturnPeriod":"100 Year","Study_Year":1989,"Study_url":"https://www.gov.nl.ca/eccc/waterres/flooding/frm/"},"geometry":{"type":"Polygon","coordinates":[[[-54.88315,48.97454],[-54.86352,48.97454],[-54.86352,48.99941],[-54.88315,48.99941],[-54.88315,48.97454]]]}},{"type":"Feature","properties":{"name":"Hickman's Harbour \u2014 Current condition","Study_Area":"Hickman's Harbour","WaterBody":null,"FRZ_Type":"Current condition","ReturnPeriod":"20 Year","Study_Year":1995,"Study_url":"https://www.gov.nl.ca/eccc/waterres/flooding/frm/"},"geometry":{"type":"Polygon","coordinates":[[[-53.76195,48.10829],[-53.74471,48.10829],[-53.74471,48.12025],[-53.76195,48.12025],[-53.76195,48.10829]]]}},{"type":"Feature","properties":{"name":"Hickman's Harbour \u2014 Current condition","Study_Area":"Hickman's Harbour","WaterBody":null,"FRZ_Type":"Current condition","ReturnPeriod":"100 Year","Study_Year":1995,"Study_url":"https://www.gov.nl.ca/eccc/waterres/flooding/frm/"},"geometry":{"type":"Polygon","coordinates":[[[-53.76195,48.10829],[-53.74454,48.10829],[-53.74454,48.12048],[-53.76195,48.12048],[-53.76195,48.10829]]]}},{"type":"Feature","properties":{"name":"Hodge's Cove \u2014 Hodge's Cove Brook \u2014 Current condition","Study_Area":"Hodge's Cove","WaterBody":"Hodge's Cove Brook","FRZ_Type":"Current condition","ReturnPeriod":"100 Year","Study_Year":1995,"Study_url":"https://www.gov.nl.ca/eccc/waterres/flooding/frm/"},"geometry":{"type":"Polygon","coordinates":[[[-53.75478,47.9999],[-53.74574,47.9999],[-53.74574,48.00938],[-53.75478,48.00938],[-53.75478,47.9999]]]}},{"type":"Feature","properties":{"name":"Parson's Pond \u2014 Parson's Pond River \u2014 Current condition","Study_Area":"Parson's Pond","WaterBody":"Parson's Pond River","FRZ_Type":"Current condition","ReturnPeriod":"20 Year","Study_Year":1988,"Study_url":"https://www.gov.nl.ca/eccc/waterres/flooding/frm/"},"geometry":{"type":"Polygon","coordinates":[[[-57.71473,50.02028],[-57.69203,50.02028],[-57.69203,50.04363],[-57.71473,50.04363],[-57.71473,50.02028]]]}},{"type":"Feature","properties":{"name":"Parson's Pond \u2014 Parson's Pond River \u2014 Current condition","Study_Area":"Parson's Pond","WaterBody":"Parson's Pond River","FRZ_Type":"Current condition","ReturnPeriod":"100 Year","Study_Year":1988,"Study_url":"https://www.gov.nl.ca/eccc/waterres/flooding/frm/"},"geometry":{"type":"Polygon","coordinates":[[[-57.71473,50.02028],[-57.69186,50.02028],[-57.69186,50.04363],[-57.71473,50.04363],[-57.71473,50.02028]]]}},{"type":"Feature","properties":{"name":"Rushoon \u2014 Rushoon River \u2014 Current condition","Study_Area":"Rushoon","WaterBody":"Rushoon River","FRZ_Type":"Current condition","ReturnPeriod":"20 Year","Study_Year":1986,"Study_url":"https://www.gov.nl.ca/eccc/waterres/flooding/frm/"},"geometry":{"type":"Polygon","coordinates":[[[-54.9195,47.35453],[-54.91353,47.35453],[-54.91353,47.36701],[-54.9195,47.36701],[-54.9195,47.35453]]]}},{"type":"Feature","properties":{"name":"Rushoon \u2014 Rushoon River \u2014 Current condition","Study_Area":"Rushoon","WaterBody":"Rushoon River","FRZ_Type":"Current condition","ReturnPeriod":"100 Year","Study_Year":1986,"Study_url":"https://www.gov.nl.ca/eccc/waterres/flooding/frm/"},"geometry":{"type":"Polygon","coordinates":[[[-54.9195,47.35453],[-54.91336,47.35453],[-54.91336,47.36551],[-54.9195,47.36551],[-54.9195,47.35453]]]}},{"type":"Feature","properties":{"name":"Shoal Harbour \u2014 Shoal Harbour River \u2014 Current condition","Study_Area":"Shoal Harbour","WaterBody":"Shoal Harbour River","FRZ_Type":"Current condition","ReturnPeriod":"20 Year","Study_Year":1995,"Study_url":"https://www.gov.nl.ca/eccc/waterres/flooding/frm/"},"geometry":{"type":"Polygon","coordinates":[[[-53.99271,48.18174],[-53.98605,48.18174],[-53.98605,48.18322],[-53.99271,48.18322],[-53.99271,48.18174]]]}},{"type":"Feature","properties":{"name":"Shoal Harbour \u2014 Shoal Harbour River \u2014 Current condition","Study_Area":"Shoal Harbour","WaterBody":"Shoal Harbour River","FRZ_Type":"Current condition","ReturnPeriod":"100 Year","Study_Year":1995,"Study_url":"https://www.gov.nl.ca/eccc/waterres/flooding/frm/"},"geometry":{"type":"Polygon","coordinates":[[[-53.99271,48.18163],[-53.98605,48.18163],[-53.98605,48.18391],[-53.99271,48.18391],[-53.99271,48.18163]]]}},{"type":"Feature","properties":{"name":"Whitbourne \u2014 Hodge River \u2014 Current condition","Study_Area":"Whitbourne","WaterBody":"Hodge River","FRZ_Type":"Current condition","ReturnPeriod":"20 Year","Study_Year":1996,"Study_url":"https://www.gov.nl.ca/eccc/waterres/flooding/frm/"},"geometry":{"type":"Polygon","coordinates":[[[-53.51941,47.41335],[-53.51481,47.41335],[-53.51481,47.41716],[-53.51941,47.41716],[-53.51941,47.41335]]]}},{"type":"Feature","properties":{"name":"Whitbourne \u2014 Hodge River \u2014 Current condition","Study_Area":"Whitbourne","WaterBody":"Hodge River","FRZ_Type":"Current condition","ReturnPeriod":"100 Year","Study_Year":1996,"Study_url":"https://www.gov.nl.ca/eccc/waterres/flooding/frm/"},"geometry":{"type":"Polygon","coordinates":[[[-53.51941,47.41335],[-53.51464,47.41335],[-53.51464,47.41728],[-53.51941,47.41728],[-53.51941,47.41335]]]}},{"type":"Feature","properties":{"name":"Glovertown \u2014 Terra Nova River \u2014 Current condition","Study_Area":"Glovertown","WaterBody":"Terra Nova River","FRZ_Type":"Current condition","ReturnPeriod":"20 Year","Study_Year":1989,"Study_url":"https://www.gov.nl.ca/eccc/waterres/flooding/frm/"},"geometry":{"type":"Polygon","coordinates":[[[-54.01268,48.66392],[-54.00022,48.66392],[-54.00022,48.67395],[-54.01268,48.67395],[-54.01268,48.66392]]]}},{"type":"Feature","properties":{"name":"Glovertown \u2014 Terra Nova River \u2014 Current condition","Study_Area":"Glovertown","WaterBody":"Terra Nova River","FRZ_Type":"Current condition","ReturnPeriod":"100 Year","Study_Year":1989,"Study_url":"https://www.gov.nl.ca/eccc/waterres/flooding/frm/"},"geometry":{"type":"Polygon","coordinates":[[[-54.01285,48.66392],[-54.00005,48.66392],[-54.00005,48.67395],[-54.01285,48.67395],[-54.01285,48.66392]]]}},{"type":"Feature","properties":{"name":"Trout River \u2014 Trout River \u2014 Current condition","Study_Area":"Trout River","WaterBody":"Trout River","FRZ_Type":"Current condition","ReturnPeriod":"20 Year","Study_Year":1990,"Study_url":"https://www.gov.nl.ca/eccc/waterres/flooding/frm/"},"geometry":{"type":"Polygon","coordinates":[[[-58.1334,49.45995],[-58.11992,49.45995],[-58.11992,49.48091],[-58.1334,49.48091],[-58.1334,49.45995]]]}},{"type":"Feature","properties":{"name":"Trout River \u2014 Trout River \u2014 Current condition","Study_Area":"Trout River","WaterBody":"Trout River","FRZ_Type":"Current condition","ReturnPeriod":"100 Year","Study_Year":1990,"Study_url":"https://www.gov.nl.ca/eccc/waterres/flooding/frm/"},"geometry":{"type":"Polygon","coordinates":[[[-58.1334,49.45995],[-58.11992,49.45995],[-58.11992,49.48091],[-58.1334,49.48091],[-58.1334,49.45995]]]}},{"type":"Feature","properties":{"name":"Codroy Valley \u2014 Grand Codroy River \u2014 Current condition","Study_Area":"Codroy Valley","WaterBody":"Grand Codroy River","FRZ_Type":"Current condition","ReturnPeriod":"20 Year","Study_Year":1990,"Study_url":"https://www.gov.nl.ca/eccc/waterres/flooding/frm/"},"geometry":{"type":"Polygon","coordinates":[[[-59.25033,47.8314],[-58.95386,47.8314],[-58.95386,47.95637],[-59.25033,47.95637],[-59.25033,47.8314]]]}},{"type":"Feature","properties":{"name":"Codroy Valley \u2014 Grand Codroy River \u2014 Current condition","Study_Area":"Codroy Valley","WaterBody":"Grand Codroy River","FRZ_Type":"Current condition","ReturnPeriod":"100 Year","Study_Year":1990,"Study_url":"https://www.gov.nl.ca/eccc/waterres/flooding/frm/"},"geometry":{"type":"Polygon","coordinates":[[[-59.25033,47.8314],[-58.95386,47.8314],[-58.95386,47.95534],[-59.25033,47.95534],[-59.25033,47.8314]]]}},{"type":"Feature","properties":{"name":"Waterford River \u2014 Waterford River \u2014 Current condition","Study_Area":"Waterford River","WaterBody":"Waterford River","FRZ_Type":"Current condition","ReturnPeriod":"20 Year","Study_Year":2018,"Study_url":"https://www.gov.nl.ca/eccc/waterres/flooding/frm/"},"geometry":{"type":"Polygon","coordinates":[[[-52.8681,47.48745],[-52.71142,47.48745],[-52.71142,47.5543],[-52.8681,47.5543],[-52.8681,47.48745]]]}},{"type":"Feature","properties":{"name":"Waterford River \u2014 Waterford River \u2014 Current condition","Study_Area":"Waterford River","WaterBody":"Waterford River","FRZ_Type":"Current condition","ReturnPeriod":"100 Year","Study_Year":2018,"Study_url":"https://www.gov.nl.ca/eccc/waterres/flooding/frm/"},"geometry":{"type":"Polygon","coordinates":[[[-52.8681,47.48745],[-52.71142,47.48745],[-52.71142,47.55442],[-52.8681,47.55442],[-52.8681,47.48745]]]}},{"type":"Feature","properties":{"name":"Waterford River \u2014 Waterford River \u2014 Climate change","Study_Area":"Waterford River","WaterBody":"Waterford River","FRZ_Type":"Climate change","ReturnPeriod":"20 Year","Study_Year":2018,"Study_url":"https://www.gov.nl.ca/eccc/waterres/flooding/frm/"},"geometry":{"type":"Polygon","coordinates":[[[-52.8681,47.48745],[-52.71142,47.48745],[-52.71142,47.55453],[-52.8681,47.55453],[-52.8681,47.48745]]]}},{"type":"Feature","properties":{"name":"Waterford River \u2014 Waterford River \u2014 Climate change","Study_Area":"Waterford River","WaterBody":"Waterford River","FRZ_Type":"Climate change","ReturnPeriod":"100 Year","Study_Year":2018,"Study_url":"https://www.gov.nl.ca/eccc/waterres/flooding/frm/"},"geometry":{"type":"Polygon","coordinates":[[[-52.8681,47.48745],[-52.7109,47.48745],[-52.7109,47.55511],[-52.8681,47.55511],[-52.8681,47.48745]]]}},{"type":"Feature","properties":{"name":"Corner Brook \u2014 Corner Brook Stream \u2014 Current condition","Study_Area":"Corner Brook","WaterBody":"Corner Brook Stream","FRZ_Type":"Current condition","ReturnPeriod":"20 Year","Study_Year":2013,"Study_url":"https://www.gov.nl.ca/eccc/waterres/flooding/frm/"},"geometry":{"type":"Polygon","coordinates":[[[-57.98867,48.92713],[-57.92756,48.92713],[-57.92756,48.9574],[-57.98867,48.9574],[-57.98867,48.92713]]]}},{"type":"Feature","properties":{"name":"Corner Brook \u2014 Petrie's Stream \u2014 Current condition","Study_Area":"Corner Brook","WaterBody":"Petrie's Stream","FRZ_Type":"Current condition","ReturnPeriod":"20 Year","Study_Year":2013,"Study_url":"https://www.gov.nl.ca/eccc/waterres/flooding/frm/"},"geometry":{"type":"Polygon","coordinates":[[[-58.01837,48.94148],[-58.0129,48.94148],[-58.0129,48.96457],[-58.01837,48.96457],[-58.01837,48.94148]]]}},{"type":"Feature","properties":{"name":"Corner Brook \u2014 Petrie's Brook \u2014 Current condition","Study_Area":"Corner Brook","WaterBody":"Petrie's Brook","FRZ_Type":"Current condition","ReturnPeriod":"100 Year","Study_Year":2013,"Study_url":"https://www.gov.nl.ca/eccc/waterres/flooding/frm/"},"geometry":{"type":"Polygon","coordinates":[[[-58.01837,48.94148],[-58.0129,48.94148],[-58.0129,48.96457],[-58.01837,48.96457],[-58.01837,48.94148]]]}},{"type":"Feature","properties":{"name":"Corner Brook \u2014 Petries Brook \u2014 Climate change","Study_Area":"Corner Brook","WaterBody":"Petries Brook","FRZ_Type":"Climate change","ReturnPeriod":"100 Year","Study_Year":2013,"Study_url":"https://www.gov.nl.ca/eccc/waterres/flooding/frm/"},"geometry":{"type":"Polygon","coordinates":[[[-58.01854,48.94148],[-58.0129,48.94148],[-58.0129,48.96457],[-58.01854,48.96457],[-58.01854,48.94148]]]}},{"type":"Feature","properties":{"name":"Corner Brook \u2014 Corner Brook Stream \u2014 Climate change","Study_Area":"Corner Brook","WaterBody":"Corner Brook Stream","FRZ_Type":"Climate change","ReturnPeriod":"100 Year","Study_Year":2103,"Study_url":"https://www.gov.nl.ca/eccc/waterres/flooding/frm/"},"geometry":{"type":"Polygon","coordinates":[[[-57.98884,48.92691],[-57.92756,48.92691],[-57.92756,48.9574],[-57.98884,48.9574],[-57.98884,48.92691]]]}},{"type":"Feature","properties":{"name":"Portugal Cove - St. Phillips \u2014 Beachy Cove Brook \u2014 Current condition","Study_Area":"Portugal Cove - St. Phillips","WaterBody":"Beachy Cove Brook","FRZ_Type":"Current condition","ReturnPeriod":"100 Year","Study_Year":2015,"Study_url":"https://www.gov.nl.ca/eccc/waterres/flooding/frm/"},"geometry":{"type":"Polygon","coordinates":[[[-52.87083,47.57779],[-52.8314,47.57779],[-52.8314,47.6175],[-52.87083,47.6175],[-52.87083,47.57779]]]}},{"type":"Feature","properties":{"name":"Portugal Cove - St. Phillips \u2014 Beachy Cove Brook \u2014 Climate change","Study_Area":"Portugal Cove - St. Phillips","WaterBody":"Beachy Cove Brook","FRZ_Type":"Climate change","ReturnPeriod":"100 Year","Study_Year":2015,"Study_url":"https://www.gov.nl.ca/eccc/waterres/flooding/frm/"},"geometry":{"type":"Polygon","coordinates":[[[-52.87083,47.57768],[-52.8314,47.57768],[-52.8314,47.6175],[-52.87083,47.6175],[-52.87083,47.57768]]]}},{"type":"Feature","properties":{"name":"Portugal Cove - St. Phillips \u2014 Beachy Cove Brook \u2014 Current condition","Study_Area":"Portugal Cove - St. Phillips","WaterBody":"Beachy Cove Brook","FRZ_Type":"Current condition","ReturnPeriod":"20 Year","Study_Year":2015,"Study_url":"https://www.gov.nl.ca/eccc/waterres/flooding/frm/"},"geometry":{"type":"Polygon","coordinates":[[[-52.87083,47.57779],[-52.8314,47.57779],[-52.8314,47.6175],[-52.87083,47.6175],[-52.87083,47.57779]]]}},{"type":"Feature","properties":{"name":"Portugal Cove - St. Phillips \u2014 Beachy Cove Brook \u2014 Climate change","Study_Area":"Portugal Cove - St. Phillips","WaterBody":"Beachy Cove Brook","FRZ_Type":"Climate change","ReturnPeriod":"20 Year","Study_Year":2015,"Study_url":"https://www.gov.nl.ca/eccc/waterres/flooding/frm/"},"geometry":{"type":"Polygon","coordinates":[[[-52.87083,47.57779],[-52.8314,47.57779],[-52.8314,47.6175],[-52.87083,47.6175],[-52.87083,47.57779]]]}},{"type":"Feature","properties":{"name":"Portugal Cove - St. Phillips \u2014 Broad Cover River \u2014 Current condition","Study_Area":"Portugal Cove - St. Phillips","WaterBody":"Broad Cover River","FRZ_Type":"Current condition","ReturnPeriod":"100 Year","Study_Year":2015,"Study_url":"https://www.gov.nl.ca/eccc/waterres/flooding/frm/"},"geometry":{"type":"Polygon","coordinates":[[[-52.8867,47.56547],[-52.85718,47.56547],[-52.85718,47.59334],[-52.8867,47.59334],[-52.8867,47.56547]]]}},{"type":"Feature","properties":{"name":"Portugal Cove - St. Phillips \u2014 Broad Cover River \u2014 Climate change","Study_Area":"Portugal Cove - St. Phillips","WaterBody":"Broad Cover River","FRZ_Type":"Climate change","ReturnPeriod":"100 Year","Study_Year":2015,"Study_url":"https://www.gov.nl.ca/eccc/waterres/flooding/frm/"},"geometry":{"type":"Polygon","coordinates":[[[-52.8867,47.56547],[-52.85718,47.56547],[-52.85718,47.59334],[-52.8867,47.59334],[-52.8867,47.56547]]]}},{"type":"Feature","properties":{"name":"Portugal Cove - St. Phillips \u2014 Broad Cover River \u2014 Current condition","Study_Area":"Portugal Cove - St. Phillips","WaterBody":"Broad Cover River","FRZ_Type":"Current condition","ReturnPeriod":"20 Year","Study_Year":2015,"Study_url":"https://www.gov.nl.ca/eccc/waterres/flooding/frm/"},"geometry":{"type":"Polygon","coordinates":[[[-52.8867,47.5657],[-52.85718,47.5657],[-52.85718,47.59334],[-52.8867,47.59334],[-52.8867,47.5657]]]}},{"type":"Feature","properties":{"name":"Portugal Cove - St. Phillips \u2014 Broad Cover River \u2014 Climate change","Study_Area":"Portugal Cove - St. Phillips","WaterBody":"Broad Cover River","FRZ_Type":"Climate change","ReturnPeriod":"20 Year","Study_Year":2015,"Study_url":"https://www.gov.nl.ca/eccc/waterres/flooding/frm/"},"geometry":{"type":"Polygon","coordinates":[[[-52.8867,47.5657],[-52.85718,47.5657],[-52.85718,47.59334],[-52.8867,47.59334],[-52.8867,47.5657]]]}},{"type":"Feature","properties":{"name":"Portugal Cove - St. Phillips \u2014 Great Cove Brook \u2014 Current condition","Study_Area":"Portugal Cove - St. Phillips","WaterBody":"Great Cove Brook","FRZ_Type":"Current condition","ReturnPeriod":"100 Year","Study_Year":2015,"Study_url":"https://www.gov.nl.ca/eccc/waterres/flooding/frm/"},"geometry":{"type":"Polygon","coordinates":[[[-52.87988,47.5862],[-52.86076,47.5862],[-52.86076,47.60588],[-52.87988,47.60588],[-52.87988,47.5862]]]}},{"type":"Feature","properties":{"name":"Portugal Cove - St. Phillips \u2014 Great Cove Brook \u2014 Climate change","Study_Area":"Portugal Cove - St. Phillips","WaterBody":"Great Cove Brook","FRZ_Type":"Climate change","ReturnPeriod":"100 Year","Study_Year":2015,"Study_url":"https://www.gov.nl.ca/eccc/waterres/flooding/frm/"},"geometry":{"type":"Polygon","coordinates":[[[-52.87988,47.5862],[-52.86076,47.5862],[-52.86076,47.60588],[-52.87988,47.60588],[-52.87988,47.5862]]]}},{"type":"Feature","properties":{"name":"Portugal Cove - St. Phillips \u2014 Great Cove Brook \u2014 Current condition","Study_Area":"Portugal Cove - St. Phillips","WaterBody":"Great Cove Brook","FRZ_Type":"Current condition","ReturnPeriod":"20 Year","Study_Year":2015,"Study_url":"https://www.gov.nl.ca/eccc/waterres/flooding/frm/"},"geometry":{"type":"Polygon","coordinates":[[[-52.87988,47.5862],[-52.86076,47.5862],[-52.86076,47.60588],[-52.87988,47.60588],[-52.87988,47.5862]]]}},{"type":"Feature","properties":{"name":"Portugal Cove - St. Phillips \u2014 Great Cove Brook \u2014 Climate change","Study_Area":"Portugal Cove - St. Phillips","WaterBody":"Great Cove Brook","FRZ_Type":"Climate change","ReturnPeriod":"20 Year","Study_Year":2015,"Study_url":"https://www.gov.nl.ca/eccc/waterres/flooding/frm/"},"geometry":{"type":"Polygon","coordinates":[[[-52.87988,47.5862],[-52.86076,47.5862],[-52.86076,47.60588],[-52.87988,47.60588],[-52.87988,47.5862]]]}},{"type":"Feature","properties":{"name":"Portugal Cove - St. Phillips \u2014 Main River \u2014 Current condition","Study_Area":"Portugal Cove - St. Phillips","WaterBody":"Main River","FRZ_Type":"Current condition","ReturnPeriod":"100 Year","Study_Year":2015,"Study_url":"https://www.gov.nl.ca/eccc/waterres/flooding/frm/"},"geometry":{"type":"Polygon","coordinates":[[[-52.85564,47.60565],[-52.80358,47.60565],[-52.80358,47.64338],[-52.85564,47.64338],[-52.85564,47.60565]]]}},{"type":"Feature","properties":{"name":"Portugal Cove - St. Phillips \u2014 Main River \u2014 Climate change","Study_Area":"Portugal Cove - St. Phillips","WaterBody":"Main River","FRZ_Type":"Climate change","ReturnPeriod":"100 Year","Study_Year":2015,"Study_url":"https://www.gov.nl.ca/eccc/waterres/flooding/frm/"},"geometry":{"type":"Polygon","coordinates":[[[-52.85564,47.60565],[-52.80358,47.60565],[-52.80358,47.64338],[-52.85564,47.64338],[-52.85564,47.60565]]]}},{"type":"Feature","properties":{"name":"Portugal Cove - St. Phillips \u2014 Main River \u2014 Current condition","Study_Area":"Portugal Cove - St. Phillips","WaterBody":"Main River","FRZ_Type":"Current condition","ReturnPeriod":"20 Year","Study_Year":2015,"Study_url":"https://www.gov.nl.ca/eccc/waterres/flooding/frm/"},"geometry":{"type":"Polygon","coordinates":[[[-52.85564,47.60565],[-52.80375,47.60565],[-52.80375,47.64338],[-52.85564,47.64338],[-52.85564,47.60565]]]}},{"type":"Feature","properties":{"name":"Portugal Cove - St. Phillips \u2014 Main River \u2014 Climate change","Study_Area":"Portugal Cove - St. Phillips","WaterBody":"Main River","FRZ_Type":"Climate change","ReturnPeriod":"20 Year","Study_Year":2015,"Study_url":"https://www.gov.nl.ca/eccc/waterres/flooding/frm/"},"geometry":{"type":"Polygon","coordinates":[[[-52.85564,47.60565],[-52.80375,47.60565],[-52.80375,47.64338],[-52.85564,47.64338],[-52.85564,47.60565]]]}},{"type":"Feature","properties":{"name":"Portugal Cove - St. Phillips \u2014 UnNamed Stream \u2014 Current condition","Study_Area":"Portugal Cove - St. Phillips","WaterBody":"UnNamed Stream","FRZ_Type":"Current condition","ReturnPeriod":"100 Year","Study_Year":2015,"Study_url":"https://www.gov.nl.ca/eccc/waterres/flooding/frm/"},"geometry":{"type":"Polygon","coordinates":[[[-52.86537,47.61785],[-52.86332,47.61785],[-52.86332,47.62348],[-52.86537,47.62348],[-52.86537,47.61785]]]}},{"type":"Feature","properties":{"name":"Portugal Cove - St. Phillips \u2014 UnNamed Stream \u2014 Climate change","Study_Area":"Portugal Cove - St. Phillips","WaterBody":"UnNamed Stream","FRZ_Type":"Climate change","ReturnPeriod":"100 Year","Study_Year":2015,"Study_url":"https://www.gov.nl.ca/eccc/waterres/flooding/frm/"},"geometry":{"type":"Polygon","coordinates":[[[-52.86537,47.61808],[-52.86366,47.61808],[-52.86366,47.62348],[-52.86537,47.62348],[-52.86537,47.61808]]]}},{"type":"Feature","properties":{"name":"Portugal Cove - St. Phillips \u2014 UnNamed Stream \u2014 Current condition","Study_Area":"Portugal Cove - St. Phillips","WaterBody":"UnNamed Stream","FRZ_Type":"Current condition","ReturnPeriod":"20 Year","Study_Year":2015,"Study_url":"https://www.gov.nl.ca/eccc/waterres/flooding/frm/"},"geometry":{"type":"Polygon","coordinates":[[[-52.86537,47.61808],[-52.86366,47.61808],[-52.86366,47.62348],[-52.86537,47.62348],[-52.86537,47.61808]]]}},{"type":"Feature","properties":{"name":"Portugal Cove - St. Phillips \u2014 UnNamed Stream \u2014 Climate change","Study_Area":"Portugal Cove - St. Phillips","WaterBody":"UnNamed Stream","FRZ_Type":"Climate change","ReturnPeriod":"20 Year","Study_Year":2015,"Study_url":"https://www.gov.nl.ca/eccc/waterres/flooding/frm/"},"geometry":{"type":"Polygon","coordinates":[[[-52.86537,47.61808],[-52.86366,47.61808],[-52.86366,47.62348],[-52.86537,47.62348],[-52.86537,47.61808]]]}},{"type":"Feature","properties":{"name":"Happy Valley \u2013 Goose Bay and Mud Lake \u2014 Otter Creek \u2014 Current condition","Study_Area":"Happy Valley \u2013 Goose Bay and Mud Lake","WaterBody":"Otter Creek","FRZ_Type":"Current condition","ReturnPeriod":"20 Year","Study_Year":2020,"Study_url":"https://www.gov.nl.ca/eccc/waterres/flooding/frm/"},"geometry":{"type":"Polygon","coordinates":[[[-60.54887,53.3075],[-60.41403,53.3075],[-60.41403,53.35806],[-60.54887,53.35806],[-60.54887,53.3075]]]}},{"type":"Feature","properties":{"name":"Happy Valley \u2013 Goose Bay and Mud Lake \u2014 Local Creek 7 \u2014 Current condition","Study_Area":"Happy Valley \u2013 Goose Bay and Mud Lake","WaterBody":"Local Creek 7","FRZ_Type":"Current condition","ReturnPeriod":"20 Year","Study_Year":2020,"Study_url":"https://www.gov.nl.ca/eccc/waterres/flooding/frm/"},"geometry":{"type":"Polygon","coordinates":[[[-60.27834,53.30709],[-60.25052,53.30709],[-60.25052,53.32157],[-60.27834,53.32157],[-60.27834,53.30709]]]}},{"type":"Feature","properties":{"name":"Happy Valley \u2013 Goose Bay and Mud Lake \u2014 Local Creek 6 \u2014 Current condition","Study_Area":"Happy Valley \u2013 Goose Bay and Mud Lake","WaterBody":"Local Creek 6","FRZ_Type":"Current condition","ReturnPeriod":"20 Year","Study_Year":2020,"Study_url":"https://www.gov.nl.ca/eccc/waterres/flooding/frm/"},"geometry":{"type":"Polygon","coordinates":[[[-60.2978,53.30077],[-60.27254,53.30077],[-60.27254,53.31066],[-60.2978,53.31066],[-60.2978,53.30077]]]}},{"type":"Feature","properties":{"name":"Happy Valley \u2013 Goose Bay and Mud Lake \u2014 Local Creek 5 \u2014 Current condition","Study_Area":"Happy Valley \u2013 Goose Bay and Mud Lake","WaterBody":"Local Creek 5","FRZ_Type":"Current condition","ReturnPeriod":"20 Year","Study_Year":2020,"Study_url":"https://www.gov.nl.ca/eccc/waterres/flooding/frm/"},"geometry":{"type":"Polygon","coordinates":[[[-60.37563,53.31199],[-60.32835,53.31199],[-60.32835,53.34461],[-60.37563,53.34461],[-60.37563,53.31199]]]}},{"type":"Feature","properties":{"name":"Happy Valley \u2013 Goose Bay and Mud Lake \u2014 Local Creek 4 \u2014 Current condition","Study_Area":"Happy Valley \u2013 Goose Bay and Mud Lake","WaterBody":"Local Creek 4","FRZ_Type":"Current condition","ReturnPeriod":"20 Year","Study_Year":2020,"Study_url":"https://www.gov.nl.ca/eccc/waterres/flooding/frm/"},"geometry":{"type":"Polygon","coordinates":[[[-60.38194,53.33044],[-60.37426,53.33044],[-60.37426,53.33798],[-60.38194,53.33798],[-60.38194,53.33044]]]}},{"type":"Feature","properties":{"name":"Happy Valley \u2013 Goose Bay and Mud Lake \u2014 Local Creek 3 \u2014 Current condition","Study_Area":"Happy Valley \u2013 Goose Bay and Mud Lake","WaterBody":"Local Creek 3","FRZ_Type":"Current condition","ReturnPeriod":"20 Year","Study_Year":2020,"Study_url":"https://www.gov.nl.ca/eccc/waterres/flooding/frm/"},"geometry":{"type":"Polygon","coordinates":[[[-60.40106,53.32738],[-60.38536,53.32738],[-60.38536,53.33758],[-60.40106,53.33758],[-60.40106,53.32738]]]}},{"type":"Feature","properties":{"name":"Happy Valley \u2013 Goose Bay and Mud Lake \u2014 Local Creek 2 \u2014 Current condition","Study_Area":"Happy Valley \u2013 Goose Bay and Mud Lake","WaterBody":"Local Creek 2","FRZ_Type":"Current condition","ReturnPeriod":"20 Year","Study_Year":2020,"Study_url":"https://www.gov.nl.ca/eccc/waterres/flooding/frm/"},"geometry":{"type":"Polygon","coordinates":[[[-60.4084,53.33014],[-60.39799,53.33014],[-60.39799,53.34216],[-60.4084,53.34216],[-60.4084,53.33014]]]}},{"type":"Feature","properties":{"name":"Happy Valley \u2013 Goose Bay and Mud Lake \u2014 Local Creek 1 \u2014 Current condition","Study_Area":"Happy Valley \u2013 Goose Bay and Mud Lake","WaterBody":"Local Creek 1","FRZ_Type":"Current condition","ReturnPeriod":"20 Year","Study_Year":2020,"Study_url":"https://www.gov.nl.ca/eccc/waterres/flooding/frm/"},"geometry":{"type":"Polygon","coordinates":[[[-60.42495,53.339],[-60.40857,53.339],[-60.40857,53.34715],[-60.42495,53.34715],[-60.42495,53.339]]]}},{"type":"Feature","properties":{"name":"Happy Valley \u2013 Goose Bay and Mud Lake \u2014 Lake Melville \u2014 Current condition","Study_Area":"Happy Valley \u2013 Goose Bay and Mud Lake","WaterBody":"Lake Melville","FRZ_Type":"Current condition","ReturnPeriod":"20 Year","Study_Year":2020,"Study_url":"https://www.gov.nl.ca/eccc/waterres/flooding/frm/"},"geometry":{"type":"Polygon","coordinates":[[[-60.41778,53.33727],[-60.2285,53.33727],[-60.2285,53.37099],[-60.41778,53.37099],[-60.41778,53.33727]]]}},{"type":"Feature","properties":{"name":"Happy Valley \u2013 Goose Bay and Mud Lake \u2014 Chruchill River \u2014 Current condition","Study_Area":"Happy Valley \u2013 Goose Bay and Mud Lake","WaterBody":"Chruchill River","FRZ_Type":"Current condition","ReturnPeriod":"20 Year","Study_Year":2020,"Study_url":"https://www.gov.nl.ca/eccc/waterres/flooding/frm/"},"geometry":{"type":"Polygon","coordinates":[[[-60.77229,53.23197],[-60.08615,53.23197],[-60.08615,53.38056],[-60.77229,53.38056],[-60.77229,53.23197]]]}},{"type":"Feature","properties":{"name":"Happy Valley \u2013 Goose Bay and Mud Lake \u2014 Otter Creek \u2014 Current condition","Study_Area":"Happy Valley \u2013 Goose Bay and Mud Lake","WaterBody":"Otter Creek","FRZ_Type":"Current condition","ReturnPeriod":"100 Year","Study_Year":2020,"Study_url":"https://www.gov.nl.ca/eccc/waterres/flooding/frm/"},"geometry":{"type":"Polygon","coordinates":[[[-60.54887,53.3075],[-60.41386,53.3075],[-60.41386,53.35806],[-60.54887,53.35806],[-60.54887,53.3075]]]}},{"type":"Feature","properties":{"name":"Happy Valley \u2013 Goose Bay and Mud Lake \u2014 Local Creek 7 \u2014 Current condition","Study_Area":"Happy Valley \u2013 Goose Bay and Mud Lake","WaterBody":"Local Creek 7","FRZ_Type":"Current condition","ReturnPeriod":"100 Year","Study_Year":2020,"Study_url":"https://www.gov.nl.ca/eccc/waterres/flooding/frm/"},"geometry":{"type":"Polygon","coordinates":[[[-60.27834,53.30709],[-60.25052,53.30709],[-60.25052,53.32331],[-60.27834,53.32331],[-60.27834,53.30709]]]}},{"type":"Feature","properties":{"name":"Happy Valley \u2013 Goose Bay and Mud Lake \u2014 Local Creek 6 \u2014 Current condition","Study_Area":"Happy Valley \u2013 Goose Bay and Mud Lake","WaterBody":"Local Creek 6","FRZ_Type":"Current condition","ReturnPeriod":"100 Year","Study_Year":2020,"Study_url":"https://www.gov.nl.ca/eccc/waterres/flooding/frm/"},"geometry":{"type":"Polygon","coordinates":[[[-60.2978,53.30077],[-60.27254,53.30077],[-60.27254,53.31066],[-60.2978,53.31066],[-60.2978,53.30077]]]}},{"type":"Feature","properties":{"name":"Happy Valley \u2013 Goose Bay and Mud Lake \u2014 Local Creek 5 \u2014 Current condition","Study_Area":"Happy Valley \u2013 Goose Bay and Mud Lake","WaterBody":"Local Creek 5","FRZ_Type":"Current condition","ReturnPeriod":"100 Year","Study_Year":2020,"Study_url":"https://www.gov.nl.ca/eccc/waterres/flooding/frm/"},"geometry":{"type":"Polygon","coordinates":[[[-60.37631,53.31199],[-60.32801,53.31199],[-60.32801,53.34461],[-60.37631,53.34461],[-60.37631,53.31199]]]}},{"type":"Feature","properties":{"name":"Happy Valley \u2013 Goose Bay and Mud Lake \u2014 Local Creek 4 \u2014 Current condition","Study_Area":"Happy Valley \u2013 Goose Bay and Mud Lake","WaterBody":"Local Creek 4","FRZ_Type":"Current condition","ReturnPeriod":"100 Year","Study_Year":2020,"Study_url":"https://www.gov.nl.ca/eccc/waterres/flooding/frm/"},"geometry":{"type":"Polygon","coordinates":[[[-60.38194,53.33044],[-60.37375,53.33044],[-60.37375,53.33788],[-60.38194,53.33788],[-60.38194,53.33044]]]}},{"type":"Feature","properties":{"name":"Happy Valley \u2013 Goose Bay and Mud Lake \u2014 Local Creek 3 \u2014 Current condition","Study_Area":"Happy Valley \u2013 Goose Bay and Mud Lake","WaterBody":"Local Creek 3","FRZ_Type":"Current condition","ReturnPeriod":"100 Year","Study_Year":2020,"Study_url":"https://www.gov.nl.ca/eccc/waterres/flooding/frm/"},"geometry":{"type":"Polygon","coordinates":[[[-60.40123,53.32728],[-60.38484,53.32728],[-60.38484,53.33758],[-60.40123,53.33758],[-60.40123,53.32728]]]}},{"type":"Feature","properties":{"name":"Happy Valley \u2013 Goose Bay and Mud Lake \u2014 Local Creek 2 \u2014 Current condition","Study_Area":"Happy Valley \u2013 Goose Bay and Mud Lake","WaterBody":"Local Creek 2","FRZ_Type":"Current condition","ReturnPeriod":"100 Year","Study_Year":2020,"Study_url":"https://www.gov.nl.ca/eccc/waterres/flooding/frm/"},"geometry":{"type":"Polygon","coordinates":[[[-60.4084,53.33014],[-60.39799,53.33014],[-60.39799,53.34216],[-60.4084,53.34216],[-60.4084,53.33014]]]}},{"type":"Feature","properties":{"name":"Happy Valley \u2013 Goose Bay and Mud Lake \u2014 Local Creek 1 \u2014 Current condition","Study_Area":"Happy Valley \u2013 Goose Bay and Mud Lake","WaterBody":"Local Creek 1","FRZ_Type":"Current condition","ReturnPeriod":"100 Year","Study_Year":2020,"Study_url":"https://www.gov.nl.ca/eccc/waterres/flooding/frm/"},"geometry":{"type":"Polygon","coordinates":[[[-60.42495,53.339],[-60.40857,53.339],[-60.40857,53.34715],[-60.42495,53.34715],[-60.42495,53.339]]]}},{"type":"Feature","properties":{"name":"Happy Valley \u2013 Goose Bay and Mud Lake \u2014 Lake Melville \u2014 Current condition","Study_Area":"Happy Valley \u2013 Goose Bay and Mud Lake","WaterBody":"Lake Melville","FRZ_Type":"Current condition","ReturnPeriod":"100 Year","Study_Year":2020,"Study_url":"https://www.gov.nl.ca/eccc/waterres/flooding/frm/"},"geometry":{"type":"Polygon","coordinates":[[[-60.41778,53.33727],[-60.2285,53.33727],[-60.2285,53.37099],[-60.41778,53.37099],[-60.41778,53.33727]]]}},{"type":"Feature","properties":{"name":"Happy Valley \u2013 Goose Bay and Mud Lake \u2014 Churchill River \u2014 Current condition","Study_Area":"Happy Valley \u2013 Goose Bay and Mud Lake","WaterBody":"Churchill River","FRZ_Type":"Current condition","ReturnPeriod":"100 Year","Study_Year":2020,"Study_url":"https://www.gov.nl.ca/eccc/waterres/flooding/frm/"},"geometry":{"type":"Polygon","coordinates":[[[-60.77229,53.23145],[-60.08496,53.23145],[-60.08496,53.38076],[-60.77229,53.38076],[-60.77229,53.23145]]]}},{"type":"Feature","properties":{"name":"Happy Valley \u2013 Goose Bay and Mud Lake \u2014 Otter Creek \u2014 Climate change","Study_Area":"Happy Valley \u2013 Goose Bay and Mud Lake","WaterBody":"Otter Creek","FRZ_Type":"Climate change","ReturnPeriod":"20 Year","Study_Year":2020,"Study_url":"https://www.gov.nl.ca/eccc/waterres/flooding/frm/"},"geometry":{"type":"Polygon","coordinates":[[[-60.54887,53.3075],[-60.41386,53.3075],[-60.41386,53.35806],[-60.54887,53.35806],[-60.54887,53.3075]]]}},{"type":"Feature","properties":{"name":"Happy Valley \u2013 Goose Bay and Mud Lake \u2014 Local Creek 7 \u2014 Climate change","Study_Area":"Happy Valley \u2013 Goose Bay and Mud Lake","WaterBody":"Local Creek 7","FRZ_Type":"Climate change","ReturnPeriod":"20 Year","Study_Year":2020,"Study_url":"https://www.gov.nl.ca/eccc/waterres/flooding/frm/"},"geometry":{"type":"Polygon","coordinates":[[[-60.27834,53.30709],[-60.25052,53.30709],[-60.25052,53.32188],[-60.27834,53.32188],[-60.27834,53.30709]]]}},{"type":"Feature","properties":{"name":"Happy Valley \u2013 Goose Bay and Mud Lake \u2014 Local Creek 6 \u2014 Climate change","Study_Area":"Happy Valley \u2013 Goose Bay and Mud Lake","WaterBody":"Local Creek 6","FRZ_Type":"Climate change","ReturnPeriod":"20 Year","Study_Year":2020,"Study_url":"https://www.gov.nl.ca/eccc/waterres/flooding/frm/"},"geometry":{"type":"Polygon","coordinates":[[[-60.2978,53.30077],[-60.27254,53.30077],[-60.27254,53.31066],[-60.2978,53.31066],[-60.2978,53.30077]]]}},{"type":"Feature","properties":{"name":"Happy Valley \u2013 Goose Bay and Mud Lake \u2014 Local Creek 5 \u2014 Climate change","Study_Area":"Happy Valley \u2013 Goose Bay and Mud Lake","WaterBody":"Local Creek 5","FRZ_Type":"Climate change","ReturnPeriod":"20 Year","Study_Year":2020,"Study_url":"https://www.gov.nl.ca/eccc/waterres/flooding/frm/"},"geometry":{"type":"Polygon","coordinates":[[[-60.37563,53.31199],[-60.32801,53.31199],[-60.32801,53.34461],[-60.37563,53.34461],[-60.37563,53.31199]]]}},{"type":"Feature","properties":{"name":"Happy Valley \u2013 Goose Bay and Mud Lake \u2014 Local Creek 4 \u2014 Climate change","Study_Area":"Happy Valley \u2013 Goose Bay and Mud Lake","WaterBody":"Local Creek 4","FRZ_Type":"Climate change","ReturnPeriod":"20 Year","Study_Year":2020,"Study_url":"https://www.gov.nl.ca/eccc/waterres/flooding/frm/"},"geometry":{"type":"Polygon","coordinates":[[[-60.38211,53.33044],[-60.37426,53.33044],[-60.37426,53.33788],[-60.38211,53.33788],[-60.38211,53.33044]]]}},{"type":"Feature","properties":{"name":"Happy Valley \u2013 Goose Bay and Mud Lake \u2014 Local Creek 3 \u2014 Climate change","Study_Area":"Happy Valley \u2013 Goose Bay and Mud Lake","WaterBody":"Local Creek 3","FRZ_Type":"Climate change","ReturnPeriod":"20 Year","Study_Year":2020,"Study_url":"https://www.gov.nl.ca/eccc/waterres/flooding/frm/"},"geometry":{"type":"Polygon","coordinates":[[[-60.40123,53.32738],[-60.38484,53.32738],[-60.38484,53.33778],[-60.40123,53.33778],[-60.40123,53.32738]]]}},{"type":"Feature","properties":{"name":"Happy Valley \u2013 Goose Bay and Mud Lake \u2014 Local Creek 2 \u2014 Climate change","Study_Area":"Happy Valley \u2013 Goose Bay and Mud Lake","WaterBody":"Local Creek 2","FRZ_Type":"Climate change","ReturnPeriod":"20 Year","Study_Year":2020,"Study_url":"https://www.gov.nl.ca/eccc/waterres/flooding/frm/"},"geometry":{"type":"Polygon","coordinates":[[[-60.4084,53.33014],[-60.39781,53.33014],[-60.39781,53.34257],[-60.4084,53.34257],[-60.4084,53.33014]]]}},{"type":"Feature","properties":{"name":"Happy Valley \u2013 Goose Bay and Mud Lake \u2014 Local Creek 1 \u2014 Climate change","Study_Area":"Happy Valley \u2013 Goose Bay and Mud Lake","WaterBody":"Local Creek 1","FRZ_Type":"Climate change","ReturnPeriod":"20 Year","Study_Year":2020,"Study_url":"https://www.gov.nl.ca/eccc/waterres/flooding/frm/"},"geometry":{"type":"Polygon","coordinates":[[[-60.42495,53.339],[-60.40857,53.339],[-60.40857,53.34715],[-60.42495,53.34715],[-60.42495,53.339]]]}},{"type":"Feature","properties":{"name":"Happy Valley \u2013 Goose Bay and Mud Lake \u2014 Lake Melville \u2014 Climate change","Study_Area":"Happy Valley \u2013 Goose Bay and Mud Lake","WaterBody":"Lake Melville","FRZ_Type":"Climate change","ReturnPeriod":"20 Year","Study_Year":2020,"Study_url":"https://www.gov.nl.ca/eccc/waterres/flooding/frm/"},"geometry":{"type":"Polygon","coordinates":[[[-60.41778,53.33615],[-60.2285,53.33615],[-60.2285,53.37109],[-60.41778,53.37109],[-60.41778,53.33615]]]}},{"type":"Feature","properties":{"name":"Happy Valley \u2013 Goose Bay and Mud Lake \u2014 Churchill River \u2014 Climate change","Study_Area":"Happy Valley \u2013 Goose Bay and Mud Lake","WaterBody":"Churchill River","FRZ_Type":"Climate change","ReturnPeriod":"20 Year","Study_Year":2020,"Study_url":"https://www.gov.nl.ca/eccc/waterres/flooding/frm/"},"geometry":{"type":"Polygon","coordinates":[[[-60.77229,53.23186],[-60.08581,53.23186],[-60.08581,53.38076],[-60.77229,53.38076],[-60.77229,53.23186]]]}},{"type":"Feature","properties":{"name":"Happy Valley \u2013 Goose Bay and Mud Lake \u2014 Otter Creek \u2014 Climate change","Study_Area":"Happy Valley \u2013 Goose Bay and Mud Lake","WaterBody":"Otter Creek","FRZ_Type":"Climate change","ReturnPeriod":"100 Year","Study_Year":2020,"Study_url":"https://www.gov.nl.ca/eccc/waterres/flooding/frm/"},"geometry":{"type":"Polygon","coordinates":[[[-60.54887,53.3075],[-60.41301,53.3075],[-60.41301,53.35806],[-60.54887,53.35806],[-60.54887,53.3075]]]}},{"type":"Feature","properties":{"name":"Happy Valley \u2013 Goose Bay and Mud Lake \u2014 Local Creek 7 \u2014 Climate change","Study_Area":"Happy Valley \u2013 Goose Bay and Mud Lake","WaterBody":"Local Creek 7","FRZ_Type":"Climate change","ReturnPeriod":"100 Year","Study_Year":2020,"Study_url":"https://www.gov.nl.ca/eccc/waterres/flooding/frm/"},"geometry":{"type":"Polygon","coordinates":[[[-60.27834,53.30709],[-60.25052,53.30709],[-60.25052,53.32331],[-60.27834,53.32331],[-60.27834,53.30709]]]}},{"type":"Feature","properties":{"name":"Happy Valley \u2013 Goose Bay and Mud Lake \u2014 Local Creek 6 \u2014 Climate change","Study_Area":"Happy Valley \u2013 Goose Bay and Mud Lake","WaterBody":"Local Creek 6","FRZ_Type":"Climate change","ReturnPeriod":"100 Year","Study_Year":2020,"Study_url":"https://www.gov.nl.ca/eccc/waterres/flooding/frm/"},"geometry":{"type":"Polygon","coordinates":[[[-60.2978,53.30077],[-60.27254,53.30077],[-60.27254,53.31066],[-60.2978,53.31066],[-60.2978,53.30077]]]}},{"type":"Feature","properties":{"name":"Happy Valley \u2013 Goose Bay and Mud Lake \u2014 Local Creek 5 \u2014 Climate change","Study_Area":"Happy Valley \u2013 Goose Bay and Mud Lake","WaterBody":"Local Creek 5","FRZ_Type":"Climate change","ReturnPeriod":"100 Year","Study_Year":2020,"Study_url":"https://www.gov.nl.ca/eccc/waterres/flooding/frm/"},"geometry":{"type":"Polygon","coordinates":[[[-60.37631,53.31199],[-60.32784,53.31199],[-60.32784,53.34461],[-60.37631,53.34461],[-60.37631,53.31199]]]}},{"type":"Feature","properties":{"name":"Happy Valley \u2013 Goose Bay and Mud Lake \u2014 Local Creek 4 \u2014 Climate change","Study_Area":"Happy Valley \u2013 Goose Bay and Mud Lake","WaterBody":"Local Creek 4","FRZ_Type":"Climate change","ReturnPeriod":"100 Year","Study_Year":2020,"Study_url":"https://www.gov.nl.ca/eccc/waterres/flooding/frm/"},"geometry":{"type":"Polygon","coordinates":[[[-60.38211,53.33044],[-60.37375,53.33044],[-60.37375,53.33788],[-60.38211,53.33788],[-60.38211,53.33044]]]}},{"type":"Feature","properties":{"name":"Happy Valley \u2013 Goose Bay and Mud Lake \u2014 Local Creek 3 \u2014 Climate change","Study_Area":"Happy Valley \u2013 Goose Bay and Mud Lake","WaterBody":"Local Creek 3","FRZ_Type":"Climate change","ReturnPeriod":"100 Year","Study_Year":2020,"Study_url":"https://www.gov.nl.ca/eccc/waterres/flooding/frm/"},"geometry":{"type":"Polygon","coordinates":[[[-60.40123,53.32728],[-60.38484,53.32728],[-60.38484,53.33778],[-60.40123,53.33778],[-60.40123,53.32728]]]}},{"type":"Feature","properties":{"name":"Happy Valley \u2013 Goose Bay and Mud Lake \u2014 Local Creek 2 \u2014 Climate change","Study_Area":"Happy Valley \u2013 Goose Bay and Mud Lake","WaterBody":"Local Creek 2","FRZ_Type":"Climate change","ReturnPeriod":"100 Year","Study_Year":2020,"Study_url":"https://www.gov.nl.ca/eccc/waterres/flooding/frm/"},"geometry":{"type":"Polygon","coordinates":[[[-60.4084,53.33014],[-60.39781,53.33014],[-60.39781,53.34257],[-60.4084,53.34257],[-60.4084,53.33014]]]}},{"type":"Feature","properties":{"name":"Happy Valley \u2013 Goose Bay and Mud Lake \u2014 Local Creek 1 \u2014 Climate change","Study_Area":"Happy Valley \u2013 Goose Bay and Mud Lake","WaterBody":"Local Creek 1","FRZ_Type":"Climate change","ReturnPeriod":"100 Year","Study_Year":2020,"Study_url":"https://www.gov.nl.ca/eccc/waterres/flooding/frm/"},"geometry":{"type":"Polygon","coordinates":[[[-60.42495,53.339],[-60.40857,53.339],[-60.40857,53.34715],[-60.42495,53.34715],[-60.42495,53.339]]]}},{"type":"Feature","properties":{"name":"Happy Valley \u2013 Goose Bay and Mud Lake \u2014 Lake Melville \u2014 Climate change","Study_Area":"Happy Valley \u2013 Goose Bay and Mud Lake","WaterBody":"Lake Melville","FRZ_Type":"Climate change","ReturnPeriod":"100 Year","Study_Year":2020,"Study_url":"https://www.gov.nl.ca/eccc/waterres/flooding/frm/"},"geometry":{"type":"Polygon","coordinates":[[[-60.41778,53.33615],[-60.2285,53.33615],[-60.2285,53.37109],[-60.41778,53.37109],[-60.41778,53.33615]]]}},{"type":"Feature","properties":{"name":"Happy Valley \u2013 Goose Bay and Mud Lake \u2014 Churchill River \u2014 Climate change","Study_Area":"Happy Valley \u2013 Goose Bay and Mud Lake","WaterBody":"Churchill River","FRZ_Type":"Climate change","ReturnPeriod":"100 Year","Study_Year":2020,"Study_url":"https://www.gov.nl.ca/eccc/waterres/flooding/frm/"},"geometry":{"type":"Polygon","coordinates":[[[-60.77229,53.23145],[-60.08513,53.23145],[-60.08513,53.38076],[-60.77229,53.38076],[-60.77229,53.23145]]]}},{"type":"Feature","properties":{"name":"Badger / Grandfalls-Windsor / Bishop's Falls \u2014 Exploits River \u2014 Current condition","Study_Area":"Badger / Grandfalls-Windsor / Bishop's Falls","WaterBody":"Exploits River","FRZ_Type":"Current condition","ReturnPeriod":"20 Year","Study_Year":2021,"Study_url":"https://www.gov.nl.ca/eccc/waterres/flooding/frm/"},"geometry":{"type":"Polygon","coordinates":[[[-56.06511,48.92063],[-55.30558,48.92063],[-55.30558,49.09338],[-56.06511,49.09338],[-56.06511,48.92063]]]}},{"type":"Feature","properties":{"name":"Badger / Grandfalls-Windsor / Bishop's Falls \u2014 Exploits River \u2014 Current condition","Study_Area":"Badger / Grandfalls-Windsor / Bishop's Falls","WaterBody":"Exploits River","FRZ_Type":"Current condition","ReturnPeriod":"100 Year","Study_Year":2021,"Study_url":"https://www.gov.nl.ca/eccc/waterres/flooding/frm/"},"geometry":{"type":"Polygon","coordinates":[[[-56.06511,48.92051],[-55.30558,48.92051],[-55.30558,49.09338],[-56.06511,49.09338],[-56.06511,48.92051]]]}},{"type":"Feature","properties":{"name":"Badger / Grandfalls-Windsor / Bishop's Falls \u2014 Exploits River \u2014 Climate change","Study_Area":"Badger / Grandfalls-Windsor / Bishop's Falls","WaterBody":"Exploits River","FRZ_Type":"Climate change","ReturnPeriod":"20 Year","Study_Year":2021,"Study_url":"https://www.gov.nl.ca/eccc/waterres/flooding/frm/"},"geometry":{"type":"Polygon","coordinates":[[[-56.06511,48.92063],[-55.30558,48.92063],[-55.30558,49.09338],[-56.06511,49.09338],[-56.06511,48.92063]]]}},{"type":"Feature","properties":{"name":"Badger / Grandfalls-Windsor / Bishop's Falls \u2014 Exploits River \u2014 Climate change","Study_Area":"Badger / Grandfalls-Windsor / Bishop's Falls","WaterBody":"Exploits River","FRZ_Type":"Climate change","ReturnPeriod":"100 Year","Study_Year":2021,"Study_url":"https://www.gov.nl.ca/eccc/waterres/flooding/frm/"},"geometry":{"type":"Polygon","coordinates":[[[-56.06511,48.92051],[-55.30558,48.92051],[-55.30558,49.09338],[-56.06511,49.09338],[-56.06511,48.92051]]]}},{"type":"Feature","properties":{"name":"Carbonear \u2014 Island Pond Brook, Powell's Brook, Local Creek \u2014 Current condition","Study_Area":"Carbonear","WaterBody":"Island Pond Brook, Powell's Brook, Local Creek","FRZ_Type":"Current condition","ReturnPeriod":"20 Year","Study_Year":2022,"Study_url":"https://www.gov.nl.ca/eccc/waterres/flooding/frm/"},"geometry":{"type":"Polygon","coordinates":[[[-53.2791,47.72347],[-53.17823,47.72347],[-53.17823,47.74987],[-53.2791,47.74987],[-53.2791,47.72347]]]}},{"type":"Feature","properties":{"name":"Carbonear \u2014 Island Pond Brook, Powell's Brook, Local Creek \u2014 Current condition","Study_Area":"Carbonear","WaterBody":"Island Pond Brook, Powell's Brook, Local Creek","FRZ_Type":"Current condition","ReturnPeriod":"100 Year","Study_Year":2022,"Study_url":"https://www.gov.nl.ca/eccc/waterres/flooding/frm/"},"geometry":{"type":"Polygon","coordinates":[[[-53.2791,47.72347],[-53.17823,47.72347],[-53.17823,47.74987],[-53.2791,47.74987],[-53.2791,47.72347]]]}},{"type":"Feature","properties":{"name":"Carbonear \u2014 Island Pond Brook, Powell's Brook, Local Creek \u2014 Climate change","Study_Area":"Carbonear","WaterBody":"Island Pond Brook, Powell's Brook, Local Creek","FRZ_Type":"Climate change","ReturnPeriod":"20 Year","Study_Year":2022,"Study_url":"https://www.gov.nl.ca/eccc/waterres/flooding/frm/"},"geometry":{"type":"Polygon","coordinates":[[[-53.2791,47.72347],[-53.17823,47.72347],[-53.17823,47.74987],[-53.2791,47.74987],[-53.2791,47.72347]]]}},{"type":"Feature","properties":{"name":"Carbonear \u2014 Island Pond Brook, Powell's Brook, Local Creek \u2014 Climate change","Study_Area":"Carbonear","WaterBody":"Island Pond Brook, Powell's Brook, Local Creek","FRZ_Type":"Climate change","ReturnPeriod":"100 Year","Study_Year":2022,"Study_url":"https://www.gov.nl.ca/eccc/waterres/flooding/frm/"},"geometry":{"type":"Polygon","coordinates":[[[-53.2791,47.72347],[-53.17823,47.72347],[-53.17823,47.74987],[-53.2791,47.74987],[-53.2791,47.72347]]]}},{"type":"Feature","properties":{"name":"Placentia \u2014 Various Rivers & Creeks \u2014 Current condition","Study_Area":"Placentia","WaterBody":"Various Rivers & Creeks","FRZ_Type":"Current condition","ReturnPeriod":"20 Year","Study_Year":2022,"Study_url":"https://www.gov.nl.ca/eccc/waterres/flooding/frm/"},"geometry":{"type":"Polygon","coordinates":[[[-54.01951,47.21397],[-53.8123,47.21397],[-53.8123,47.3292],[-54.01951,47.3292],[-54.01951,47.21397]]]}},{"type":"Feature","properties":{"name":"Placentia \u2014 Various Rivers & Creeks \u2014 Current condition","Study_Area":"Placentia","WaterBody":"Various Rivers & Creeks","FRZ_Type":"Current condition","ReturnPeriod":"100 Year","Study_Year":2022,"Study_url":"https://www.gov.nl.ca/eccc/waterres/flooding/frm/"},"geometry":{"type":"Polygon","coordinates":[[[-54.01951,47.21397],[-53.8123,47.21397],[-53.8123,47.3292],[-54.01951,47.3292],[-54.01951,47.21397]]]}},{"type":"Feature","properties":{"name":"Placentia \u2014 Various Rivers & Creeks \u2014 Climate change","Study_Area":"Placentia","WaterBody":"Various Rivers & Creeks","FRZ_Type":"Climate change","ReturnPeriod":"20 Year","Study_Year":2022,"Study_url":"https://www.gov.nl.ca/eccc/waterres/flooding/frm/"},"geometry":{"type":"Polygon","coordinates":[[[-54.01951,47.21397],[-53.8123,47.21397],[-53.8123,47.3292],[-54.01951,47.3292],[-54.01951,47.21397]]]}},{"type":"Feature","properties":{"name":"Placentia \u2014 Various Rivers & Creeks \u2014 Climate change","Study_Area":"Placentia","WaterBody":"Various Rivers & Creeks","FRZ_Type":"Climate change","ReturnPeriod":"100 Year","Study_Year":2022,"Study_url":"https://www.gov.nl.ca/eccc/waterres/flooding/frm/"},"geometry":{"type":"Polygon","coordinates":[[[-54.01951,47.21397],[-53.8123,47.21397],[-53.8123,47.3292],[-54.01951,47.3292],[-54.01951,47.21397]]]}},{"type":"Feature","properties":{"name":"Victoria-Salmon Cove \u2014 Salmon Cove River & Associated Creeks \u2014 Current condition","Study_Area":"Victoria-Salmon Cove","WaterBody":"Salmon Cove River & Associated Creeks","FRZ_Type":"Current condition","ReturnPeriod":"20 Year","Study_Year":2022,"Study_url":"https://www.gov.nl.ca/eccc/waterres/flooding/frm/"},"geometry":{"type":"Polygon","coordinates":[[[-53.27637,47.75618],[-53.13965,47.75618],[-53.13965,47.79128],[-53.27637,47.79128],[-53.27637,47.75618]]]}},{"type":"Feature","properties":{"name":"Victoria-Salmon Cove \u2014 Salmon Cove River & Associated Creeks \u2014 Current condition","Study_Area":"Victoria-Salmon Cove","WaterBody":"Salmon Cove River & Associated Creeks","FRZ_Type":"Current condition","ReturnPeriod":"100 Year","Study_Year":2022,"Study_url":"https://www.gov.nl.ca/eccc/waterres/flooding/frm/"},"geometry":{"type":"Polygon","coordinates":[[[-53.27637,47.75618],[-53.13965,47.75618],[-53.13965,47.79128],[-53.27637,47.79128],[-53.27637,47.75618]]]}},{"type":"Feature","properties":{"name":"Victoria-Salmon Cove \u2014 Salmon Cove River & Associated Creeks \u2014 Climate change","Study_Area":"Victoria-Salmon Cove","WaterBody":"Salmon Cove River & Associated Creeks","FRZ_Type":"Climate change","ReturnPeriod":"20 Year","Study_Year":2022,"Study_url":"https://www.gov.nl.ca/eccc/waterres/flooding/frm/"},"geometry":{"type":"Polygon","coordinates":[[[-53.27637,47.75618],[-53.13965,47.75618],[-53.13965,47.79128],[-53.27637,47.79128],[-53.27637,47.75618]]]}},{"type":"Feature","properties":{"name":"Victoria-Salmon Cove \u2014 Salmon Cove River & Associated Creeks \u2014 Climate change","Study_Area":"Victoria-Salmon Cove","WaterBody":"Salmon Cove River & Associated Creeks","FRZ_Type":"Climate change","ReturnPeriod":"100 Year","Study_Year":2022,"Study_url":"https://www.gov.nl.ca/eccc/waterres/flooding/frm/"},"geometry":{"type":"Polygon","coordinates":[[[-53.27637,47.75618],[-53.13965,47.75618],[-53.13965,47.79128],[-53.27637,47.79128],[-53.27637,47.75618]]]}},{"type":"Feature","properties":{"name":"Humber Valley \u2014 Humber River \u2014 Current condition","Study_Area":"Humber Valley","WaterBody":"Humber River","FRZ_Type":"Current condition","ReturnPeriod":"20 Year","Study_Year":2022,"Study_url":"https://www.gov.nl.ca/eccc/waterres/flooding/frm/"},"geometry":{"type":"Polygon","coordinates":[[[-57.90794,48.9435],[-57.34316,48.9435],[-57.34316,49.25518],[-57.90794,49.25518],[-57.90794,48.9435]]]}},{"type":"Feature","properties":{"name":"Humber Valley \u2014 Humber River \u2014 Current condition","Study_Area":"Humber Valley","WaterBody":"Humber River","FRZ_Type":"Current condition","ReturnPeriod":"100 Year","Study_Year":2022,"Study_url":"https://www.gov.nl.ca/eccc/waterres/flooding/frm/"},"geometry":{"type":"Polygon","coordinates":[[[-57.90794,48.9435],[-57.34316,48.9435],[-57.34316,49.25518],[-57.90794,49.25518],[-57.90794,48.9435]]]}},{"type":"Feature","properties":{"name":"Humber Valley \u2014 Humber River \u2014 Climate change","Study_Area":"Humber Valley","WaterBody":"Humber River","FRZ_Type":"Climate change","ReturnPeriod":"20 Year","Study_Year":2022,"Study_url":"https://www.gov.nl.ca/eccc/waterres/flooding/frm/"},"geometry":{"type":"Polygon","coordinates":[[[-57.90964,48.9435],[-57.34299,48.9435],[-57.34299,49.25529],[-57.90964,49.25529],[-57.90964,48.9435]]]}},{"type":"Feature","properties":{"name":"Humber Valley \u2014 Humber River \u2014 Climate change","Study_Area":"Humber Valley","WaterBody":"Humber River","FRZ_Type":"Climate change","ReturnPeriod":"100 Year","Study_Year":2022,"Study_url":"https://www.gov.nl.ca/eccc/waterres/flooding/frm/"},"geometry":{"type":"Polygon","coordinates":[[[-57.90964,48.94316],[-57.34299,48.94316],[-57.34299,49.25529],[-57.90964,49.25529],[-57.90964,48.94316]]]}},{"type":"Feature","properties":{"name":"St. John's \u2014 Barrows Road Stream \u2014 Current condition","Study_Area":"St. John's","WaterBody":"Barrows Road Stream","FRZ_Type":"Current condition","ReturnPeriod":"20 Year","Study_Year":2025,"Study_url":"https://www.gov.nl.ca/eccc/waterres/flooding/frm/"},"geometry":{"type":"Polygon","coordinates":[[[-52.68086,47.57906],[-52.67318,47.57906],[-52.67318,47.58274],[-52.68086,47.58274],[-52.68086,47.57906]]]}},{"type":"Feature","properties":{"name":"St. John's \u2014 Holes In Marsh Brook \u2014 Current condition","Study_Area":"St. John's","WaterBody":"Holes In Marsh Brook","FRZ_Type":"Current condition","ReturnPeriod":"20 Year","Study_Year":2025,"Study_url":"https://www.gov.nl.ca/eccc/waterres/flooding/frm/"},"geometry":{"type":"Polygon","coordinates":[[[-52.793,47.55891],[-52.76262,47.55891],[-52.76262,47.56271],[-52.793,47.56271],[-52.793,47.55891]]]}},{"type":"Feature","properties":{"name":"St. John's \u2014 Kitty Gaul Brook \u2014 Current condition","Study_Area":"St. John's","WaterBody":"Kitty Gaul Brook","FRZ_Type":"Current condition","ReturnPeriod":"20 Year","Study_Year":2025,"Study_url":"https://www.gov.nl.ca/eccc/waterres/flooding/frm/"},"geometry":{"type":"Polygon","coordinates":[[[-52.79198,47.52135],[-52.76876,47.52135],[-52.76876,47.54082],[-52.79198,47.54082],[-52.79198,47.52135]]]}},{"type":"Feature","properties":{"name":"St. John's \u2014 Mundy Pond Brook \u2014 Current condition","Study_Area":"St. John's","WaterBody":"Mundy Pond Brook","FRZ_Type":"Current condition","ReturnPeriod":"20 Year","Study_Year":2025,"Study_url":"https://www.gov.nl.ca/eccc/waterres/flooding/frm/"},"geometry":{"type":"Polygon","coordinates":[[[-52.76279,47.54347],[-52.73514,47.54347],[-52.73514,47.55349],[-52.76279,47.55349],[-52.76279,47.54347]]]}},{"type":"Feature","properties":{"name":"St. John's \u2014 Outer Cove Brook \u2014 Current condition","Study_Area":"St. John's","WaterBody":"Outer Cove Brook","FRZ_Type":"Current condition","ReturnPeriod":"20 Year","Study_Year":2025,"Study_url":"https://www.gov.nl.ca/eccc/waterres/flooding/frm/"},"geometry":{"type":"Polygon","coordinates":[[[-52.76689,47.60542],[-52.70715,47.60542],[-52.70715,47.62763],[-52.76689,47.62763],[-52.76689,47.60542]]]}},{"type":"Feature","properties":{"name":"St. John's \u2014 South Brook \u2014 Current condition","Study_Area":"St. John's","WaterBody":"South Brook","FRZ_Type":"Current condition","ReturnPeriod":"20 Year","Study_Year":2025,"Study_url":"https://www.gov.nl.ca/eccc/waterres/flooding/frm/"},"geometry":{"type":"Polygon","coordinates":[[[-52.84967,47.49379],[-52.82901,47.49379],[-52.82901,47.49667],[-52.84967,47.49667],[-52.84967,47.49379]]]}},{"type":"Feature","properties":{"name":"St. John's \u2014 Virginia River \u2014 Current condition","Study_Area":"St. John's","WaterBody":"Virginia River","FRZ_Type":"Current condition","ReturnPeriod":"20 Year","Study_Year":2025,"Study_url":"https://www.gov.nl.ca/eccc/waterres/flooding/frm/"},"geometry":{"type":"Polygon","coordinates":[[[-52.76484,47.57756],[-52.68018,47.57756],[-52.68018,47.61117],[-52.76484,47.61117],[-52.76484,47.57756]]]}},{"type":"Feature","properties":{"name":"St. John's \u2014 Barrows Road Stream \u2014 Current condition","Study_Area":"St. John's","WaterBody":"Barrows Road Stream","FRZ_Type":"Current condition","ReturnPeriod":"100 Year","Study_Year":2025,"Study_url":"https://www.gov.nl.ca/eccc/waterres/flooding/frm/"},"geometry":{"type":"Polygon","coordinates":[[[-52.68086,47.57906],[-52.67318,47.57906],[-52.67318,47.58274],[-52.68086,47.58274],[-52.68086,47.57906]]]}},{"type":"Feature","properties":{"name":"St. John's \u2014 Holes In Marsh Brook \u2014 Current condition","Study_Area":"St. John's","WaterBody":"Holes In Marsh Brook","FRZ_Type":"Current condition","ReturnPeriod":"100 Year","Study_Year":2025,"Study_url":"https://www.gov.nl.ca/eccc/waterres/flooding/frm/"},"geometry":{"type":"Polygon","coordinates":[[[-52.793,47.55891],[-52.76262,47.55891],[-52.76262,47.56271],[-52.793,47.56271],[-52.793,47.55891]]]}},{"type":"Feature","properties":{"name":"St. John's \u2014 Kitty Gaul Brook \u2014 Current condition","Study_Area":"St. John's","WaterBody":"Kitty Gaul Brook","FRZ_Type":"Current condition","ReturnPeriod":"100 Year","Study_Year":2025,"Study_url":"https://www.gov.nl.ca/eccc/waterres/flooding/frm/"},"geometry":{"type":"Polygon","coordinates":[[[-52.79198,47.52135],[-52.76876,47.52135],[-52.76876,47.54082],[-52.79198,47.54082],[-52.79198,47.52135]]]}},{"type":"Feature","properties":{"name":"St. John's \u2014 Mundy Pond Brook \u2014 Current condition","Study_Area":"St. John's","WaterBody":"Mundy Pond Brook","FRZ_Type":"Current condition","ReturnPeriod":"100 Year","Study_Year":2025,"Study_url":"https://www.gov.nl.ca/eccc/waterres/flooding/frm/"},"geometry":{"type":"Polygon","coordinates":[[[-52.76279,47.54347],[-52.73514,47.54347],[-52.73514,47.55349],[-52.76279,47.55349],[-52.76279,47.54347]]]}},{"type":"Feature","properties":{"name":"St. John's \u2014 Outer Cove Brook \u2014 Current condition","Study_Area":"St. John's","WaterBody":"Outer Cove Brook","FRZ_Type":"Current condition","ReturnPeriod":"100 Year","Study_Year":2025,"Study_url":"https://www.gov.nl.ca/eccc/waterres/flooding/frm/"},"geometry":{"type":"Polygon","coordinates":[[[-52.76689,47.60542],[-52.70715,47.60542],[-52.70715,47.62774],[-52.76689,47.62774],[-52.76689,47.60542]]]}},{"type":"Feature","properties":{"name":"St. John's \u2014 South Brook \u2014 Current condition","Study_Area":"St. John's","WaterBody":"South Brook","FRZ_Type":"Current condition","ReturnPeriod":"100 Year","Study_Year":2025,"Study_url":"https://www.gov.nl.ca/eccc/waterres/flooding/frm/"},"geometry":{"type":"Polygon","coordinates":[[[-52.84967,47.49379],[-52.82901,47.49379],[-52.82901,47.49667],[-52.84967,47.49667],[-52.84967,47.49379]]]}},{"type":"Feature","properties":{"name":"St. John's \u2014 Virginia River \u2014 Current condition","Study_Area":"St. John's","WaterBody":"Virginia River","FRZ_Type":"Current condition","ReturnPeriod":"100 Year","Study_Year":2025,"Study_url":"https://www.gov.nl.ca/eccc/waterres/flooding/frm/"},"geometry":{"type":"Polygon","coordinates":[[[-52.76484,47.57756],[-52.68018,47.57756],[-52.68018,47.61129],[-52.76484,47.61129],[-52.76484,47.57756]]]}},{"type":"Feature","properties":{"name":"St. John's \u2014 Barrows Road Stream \u2014 Climate change","Study_Area":"St. John's","WaterBody":"Barrows Road Stream","FRZ_Type":"Climate change","ReturnPeriod":"20 Year","Study_Year":2025,"Study_url":"https://www.gov.nl.ca/eccc/waterres/flooding/frm/"},"geometry":{"type":"Polygon","coordinates":[[[-52.68086,47.57906],[-52.67318,47.57906],[-52.67318,47.58274],[-52.68086,47.58274],[-52.68086,47.57906]]]}},{"type":"Feature","properties":{"name":"St. John's \u2014 Holes In Marsh Brook \u2014 Climate change","Study_Area":"St. John's","WaterBody":"Holes In Marsh Brook","FRZ_Type":"Climate change","ReturnPeriod":"20 Year","Study_Year":2025,"Study_url":"https://www.gov.nl.ca/eccc/waterres/flooding/frm/"},"geometry":{"type":"Polygon","coordinates":[[[-52.793,47.55891],[-52.76262,47.55891],[-52.76262,47.56271],[-52.793,47.56271],[-52.793,47.55891]]]}},{"type":"Feature","properties":{"name":"St. John's \u2014 Kitty Gaul Brook \u2014 Climate change","Study_Area":"St. John's","WaterBody":"Kitty Gaul Brook","FRZ_Type":"Climate change","ReturnPeriod":"20 Year","Study_Year":2025,"Study_url":"https://www.gov.nl.ca/eccc/waterres/flooding/frm/"},"geometry":{"type":"Polygon","coordinates":[[[-52.79198,47.52135],[-52.76876,47.52135],[-52.76876,47.54082],[-52.79198,47.54082],[-52.79198,47.52135]]]}},{"type":"Feature","properties":{"name":"St. John's \u2014 Mundy Pond Brook \u2014 Climate change","Study_Area":"St. John's","WaterBody":"Mundy Pond Brook","FRZ_Type":"Climate change","ReturnPeriod":"20 Year","Study_Year":2025,"Study_url":"https://www.gov.nl.ca/eccc/waterres/flooding/frm/"},"geometry":{"type":"Polygon","coordinates":[[[-52.76279,47.54347],[-52.73514,47.54347],[-52.73514,47.55349],[-52.76279,47.55349],[-52.76279,47.54347]]]}},{"type":"Feature","properties":{"name":"St. John's \u2014 Outer Cove Brook \u2014 Climate change","Study_Area":"St. John's","WaterBody":"Outer Cove Brook","FRZ_Type":"Climate change","ReturnPeriod":"20 Year","Study_Year":2025,"Study_url":"https://www.gov.nl.ca/eccc/waterres/flooding/frm/"},"geometry":{"type":"Polygon","coordinates":[[[-52.76689,47.60542],[-52.70715,47.60542],[-52.70715,47.62774],[-52.76689,47.62774],[-52.76689,47.60542]]]}},{"type":"Feature","properties":{"name":"St. John's \u2014 South Brook \u2014 Climate change","Study_Area":"St. John's","WaterBody":"South Brook","FRZ_Type":"Climate change","ReturnPeriod":"20 Year","Study_Year":2025,"Study_url":"https://www.gov.nl.ca/eccc/waterres/flooding/frm/"},"geometry":{"type":"Polygon","coordinates":[[[-52.84984,47.49379],[-52.82901,47.49379],[-52.82901,47.49667],[-52.84984,47.49667],[-52.84984,47.49379]]]}},{"type":"Feature","properties":{"name":"St. John's \u2014 Virginia River \u2014 Climate change","Study_Area":"St. John's","WaterBody":"Virginia River","FRZ_Type":"Climate change","ReturnPeriod":"20 Year","Study_Year":2025,"Study_url":"https://www.gov.nl.ca/eccc/waterres/flooding/frm/"},"geometry":{"type":"Polygon","coordinates":[[[-52.76484,47.57756],[-52.68018,47.57756],[-52.68018,47.6114],[-52.76484,47.6114],[-52.76484,47.57756]]]}},{"type":"Feature","properties":{"name":"St. John's \u2014 Barrows Road Stream \u2014 Climate change","Study_Area":"St. John's","WaterBody":"Barrows Road Stream","FRZ_Type":"Climate change","ReturnPeriod":"100 Year","Study_Year":2025,"Study_url":"https://www.gov.nl.ca/eccc/waterres/flooding/frm/"},"geometry":{"type":"Polygon","coordinates":[[[-52.68086,47.57906],[-52.67318,47.57906],[-52.67318,47.58274],[-52.68086,47.58274],[-52.68086,47.57906]]]}},{"type":"Feature","properties":{"name":"St. John's \u2014 Holes In Marsh Brook \u2014 Climate change","Study_Area":"St. John's","WaterBody":"Holes In Marsh Brook","FRZ_Type":"Climate change","ReturnPeriod":"100 Year","Study_Year":2025,"Study_url":"https://www.gov.nl.ca/eccc/waterres/flooding/frm/"},"geometry":{"type":"Polygon","coordinates":[[[-52.793,47.55891],[-52.76262,47.55891],[-52.76262,47.56294],[-52.793,47.56294],[-52.793,47.55891]]]}},{"type":"Feature","properties":{"name":"St. John's \u2014 Kitty Gaul Brook \u2014 Climate change","Study_Area":"St. John's","WaterBody":"Kitty Gaul Brook","FRZ_Type":"Climate change","ReturnPeriod":"100 Year","Study_Year":2025,"Study_url":"https://www.gov.nl.ca/eccc/waterres/flooding/frm/"},"geometry":{"type":"Polygon","coordinates":[[[-52.79215,47.52135],[-52.76876,47.52135],[-52.76876,47.54082],[-52.79215,47.54082],[-52.79215,47.52135]]]}},{"type":"Feature","properties":{"name":"St. John's \u2014 Mundy Pond Brook \u2014 Climate change","Study_Area":"St. John's","WaterBody":"Mundy Pond Brook","FRZ_Type":"Climate change","ReturnPeriod":"100 Year","Study_Year":2025,"Study_url":"https://www.gov.nl.ca/eccc/waterres/flooding/frm/"},"geometry":{"type":"Polygon","coordinates":[[[-52.76279,47.54347],[-52.7348,47.54347],[-52.7348,47.55395],[-52.76279,47.55395],[-52.76279,47.54347]]]}},{"type":"Feature","properties":{"name":"St. John's \u2014 Outer Cove Brook \u2014 Climate change","Study_Area":"St. John's","WaterBody":"Outer Cove Brook","FRZ_Type":"Climate change","ReturnPeriod":"100 Year","Study_Year":2025,"Study_url":"https://www.gov.nl.ca/eccc/waterres/flooding/frm/"},"geometry":{"type":"Polygon","coordinates":[[[-52.76689,47.6053],[-52.70715,47.6053],[-52.70715,47.62774],[-52.76689,47.62774],[-52.76689,47.6053]]]}},{"type":"Feature","properties":{"name":"St. John's \u2014 South Brook \u2014 Climate change","Study_Area":"St. John's","WaterBody":"South Brook","FRZ_Type":"Climate change","ReturnPeriod":"100 Year","Study_Year":2025,"Study_url":"https://www.gov.nl.ca/eccc/waterres/flooding/frm/"},"geometry":{"type":"Polygon","coordinates":[[[-52.84984,47.49379],[-52.82884,47.49379],[-52.82884,47.49667],[-52.84984,47.49667],[-52.84984,47.49379]]]}},{"type":"Feature","properties":{"name":"St. John's \u2014 Virginia River \u2014 Climate change","Study_Area":"St. John's","WaterBody":"Virginia River","FRZ_Type":"Climate change","ReturnPeriod":"100 Year","Study_Year":2025,"Study_url":"https://www.gov.nl.ca/eccc/waterres/flooding/frm/"},"geometry":{"type":"Polygon","coordinates":[[[-52.76501,47.57756],[-52.68018,47.57756],[-52.68018,47.61152],[-52.76501,47.61152],[-52.76501,47.57756]]]}},{"type":"Feature","properties":{"name":"Logy Bay - Middle Cove - Outer Cove \u2014 Outer Cove Brook \u2014 Climate change","Study_Area":"Logy Bay - Middle Cove - Outer Cove","WaterBody":"Outer Cove Brook","FRZ_Type":"Climate change","ReturnPeriod":"100 Year","Study_Year":2012,"Study_url":"https://www.gov.nl.ca/eccc/waterres/flooding/frm/"},"geometry":{"type":"Polygon","coordinates":[[[-52.70732,47.62728],[-52.68172,47.62728],[-52.68172,47.65074],[-52.70732,47.65074],[-52.70732,47.62728]]]}},{"type":"Feature","properties":{"name":"Logy Bay - Middle Cove - Outer Cove \u2014 Outer Cove Brook \u2014 Current condition","Study_Area":"Logy Bay - Middle Cove - Outer Cove","WaterBody":"Outer Cove Brook","FRZ_Type":"Current condition","ReturnPeriod":"100 Year","Study_Year":2012,"Study_url":"https://www.gov.nl.ca/eccc/waterres/flooding/frm/"},"geometry":{"type":"Polygon","coordinates":[[[-52.70732,47.62728],[-52.68172,47.62728],[-52.68172,47.65074],[-52.70732,47.65074],[-52.70732,47.62728]]]}},{"type":"Feature","properties":{"name":"Logy Bay - Middle Cove - Outer Cove \u2014 Outer Cove Brook \u2014 Climate change","Study_Area":"Logy Bay - Middle Cove - Outer Cove","WaterBody":"Outer Cove Brook","FRZ_Type":"Climate change","ReturnPeriod":"20 Year","Study_Year":2012,"Study_url":"https://www.gov.nl.ca/eccc/waterres/flooding/frm/"},"geometry":{"type":"Polygon","coordinates":[[[-52.70732,47.6274],[-52.68172,47.6274],[-52.68172,47.65074],[-52.70732,47.65074],[-52.70732,47.6274]]]}},{"type":"Feature","properties":{"name":"Logy Bay - Middle Cove - Outer Cove \u2014 Outer Cove Brook \u2014 Current condition","Study_Area":"Logy Bay - Middle Cove - Outer Cove","WaterBody":"Outer Cove Brook","FRZ_Type":"Current condition","ReturnPeriod":"20 Year","Study_Year":2012,"Study_url":"https://www.gov.nl.ca/eccc/waterres/flooding/frm/"},"geometry":{"type":"Polygon","coordinates":[[[-52.70732,47.62751],[-52.68172,47.62751],[-52.68172,47.65074],[-52.70732,47.65074],[-52.70732,47.62751]]]}},{"type":"Feature","properties":{"name":"Brigus \u2014 Conception Bay \u2014 Current condition","Study_Area":"Brigus","WaterBody":"Conception Bay","FRZ_Type":"Current condition","ReturnPeriod":"20 Year","Study_Year":2025,"Study_url":"https://www.gov.nl.ca/eccc/waterres/flooding/frm/"},"geometry":{"type":"Polygon","coordinates":[[[-53.20741,47.53068],[-53.20588,47.53068],[-53.20588,47.53137],[-53.20741,47.53137],[-53.20741,47.53068]]]}},{"type":"Feature","properties":{"name":"Brigus \u2014 Conception Bay \u2014 Current condition","Study_Area":"Brigus","WaterBody":"Conception Bay","FRZ_Type":"Current condition","ReturnPeriod":"20 Year","Study_Year":2025,"Study_url":"https://www.gov.nl.ca/eccc/waterres/flooding/frm/"},"geometry":{"type":"Polygon","coordinates":[[[-53.20741,47.53137],[-53.17686,47.53137],[-53.17686,47.56144],[-53.20741,47.56144],[-53.20741,47.53137]]]}},{"type":"Feature","properties":{"name":"Brigus \u2014 Conception Bay \u2014 Current condition","Study_Area":"Brigus","WaterBody":"Conception Bay","FRZ_Type":"Current condition","ReturnPeriod":"20 Year","Study_Year":2025,"Study_url":"https://www.gov.nl.ca/eccc/waterres/flooding/frm/"},"geometry":{"type":"Polygon","coordinates":[[[-53.21065,47.53541],[-53.20707,47.53541],[-53.20707,47.53817],[-53.21065,47.53817],[-53.21065,47.53541]]]}},{"type":"Feature","properties":{"name":"Brigus \u2014 Conception Bay \u2014 Current condition","Study_Area":"Brigus","WaterBody":"Conception Bay","FRZ_Type":"Current condition","ReturnPeriod":"20 Year","Study_Year":2025,"Study_url":"https://www.gov.nl.ca/eccc/waterres/flooding/frm/"},"geometry":{"type":"Polygon","coordinates":[[[-53.211,47.53598],[-53.21065,47.53598],[-53.21065,47.5361],[-53.211,47.5361],[-53.211,47.53598]]]}},{"type":"Feature","properties":{"name":"Brigus \u2014 Conception Bay \u2014 Current condition","Study_Area":"Brigus","WaterBody":"Conception Bay","FRZ_Type":"Current condition","ReturnPeriod":"20 Year","Study_Year":2025,"Study_url":"https://www.gov.nl.ca/eccc/waterres/flooding/frm/"},"geometry":{"type":"Polygon","coordinates":[[[-53.211,47.53483],[-53.20946,47.53483],[-53.20946,47.53541],[-53.211,47.53541],[-53.211,47.53483]]]}},{"type":"Feature","properties":{"name":"Brigus \u2014 Brigus North Brook \u2014 Current condition","Study_Area":"Brigus","WaterBody":"Brigus North Brook","FRZ_Type":"Current condition","ReturnPeriod":"20 Year","Study_Year":2025,"Study_url":"https://www.gov.nl.ca/eccc/waterres/flooding/frm/"},"geometry":{"type":"Polygon","coordinates":[[[-53.21287,47.53529],[-53.2127,47.53529],[-53.2127,47.53552],[-53.21287,47.53552],[-53.21287,47.53529]]]}},{"type":"Feature","properties":{"name":"Brigus \u2014 Brigus North Brook \u2014 Current condition","Study_Area":"Brigus","WaterBody":"Brigus North Brook","FRZ_Type":"Current condition","ReturnPeriod":"20 Year","Study_Year":2025,"Study_url":"https://www.gov.nl.ca/eccc/waterres/flooding/frm/"},"geometry":{"type":"Polygon","coordinates":[[[-53.22806,47.52158],[-53.21748,47.52158],[-53.21748,47.5316],[-53.22806,47.5316],[-53.22806,47.52158]]]}},{"type":"Feature","properties":{"name":"Brigus \u2014 Apses Brook \u2014 Current condition","Study_Area":"Brigus","WaterBody":"Apses Brook","FRZ_Type":"Current condition","ReturnPeriod":"20 Year","Study_Year":2025,"Study_url":"https://www.gov.nl.ca/eccc/waterres/flooding/frm/"},"geometry":{"type":"Polygon","coordinates":[[[-53.21509,47.52457],[-53.20656,47.52457],[-53.20656,47.53414],[-53.21509,47.53414],[-53.21509,47.52457]]]}},{"type":"Feature","properties":{"name":"Brigus \u2014 Lambes Brook, Brigus North Brook, Apses Brook, and Local Creeks \u2014 Current condition","Study_Area":"Brigus","WaterBody":"Lambes Brook, Brigus North Brook, Apses Brook, and Local Creeks","FRZ_Type":"Current condition","ReturnPeriod":"20 Year","Study_Year":2025,"Study_url":"https://www.gov.nl.ca/eccc/waterres/flooding/frm/"},"geometry":{"type":"Polygon","coordinates":[[[-53.24701,47.51662],[-53.19154,47.51662],[-53.19154,47.54001],[-53.24701,47.54001],[-53.24701,47.51662]]]}},{"type":"Feature","properties":{"name":"Brigus \u2014 Conception Bay \u2014 Current condition","Study_Area":"Brigus","WaterBody":"Conception Bay","FRZ_Type":"Current condition","ReturnPeriod":"100 Year","Study_Year":2025,"Study_url":"https://www.gov.nl.ca/eccc/waterres/flooding/frm/"},"geometry":{"type":"Polygon","coordinates":[[[-53.2061,47.5324],[-53.20606,47.5324],[-53.20606,47.53242],[-53.2061,47.53242],[-53.2061,47.5324]]]}},{"type":"Feature","properties":{"name":"Brigus \u2014 Conception Bay \u2014 Current condition","Study_Area":"Brigus","WaterBody":"Conception Bay","FRZ_Type":"Current condition","ReturnPeriod":"100 Year","Study_Year":2025,"Study_url":"https://www.gov.nl.ca/eccc/waterres/flooding/frm/"},"geometry":{"type":"Polygon","coordinates":[[[-53.20741,47.53068],[-53.17686,47.53068],[-53.17686,47.56144],[-53.20741,47.56144],[-53.20741,47.53068]]]}},{"type":"Feature","properties":{"name":"Brigus \u2014 Conception Bay \u2014 Current condition","Study_Area":"Brigus","WaterBody":"Conception Bay","FRZ_Type":"Current condition","ReturnPeriod":"100 Year","Study_Year":2025,"Study_url":"https://www.gov.nl.ca/eccc/waterres/flooding/frm/"},"geometry":{"type":"Polygon","coordinates":[[[-53.19837,47.53485],[-53.19836,47.53485],[-53.19836,47.53485],[-53.19837,47.53485],[-53.19837,47.53485]]]}},{"type":"Feature","properties":{"name":"Brigus \u2014 Conception Bay \u2014 Current condition","Study_Area":"Brigus","WaterBody":"Conception Bay","FRZ_Type":"Current condition","ReturnPeriod":"100 Year","Study_Year":2025,"Study_url":"https://www.gov.nl.ca/eccc/waterres/flooding/frm/"},"geometry":{"type":"Polygon","coordinates":[[[-53.211,47.53483],[-53.20707,47.53483],[-53.20707,47.53817],[-53.211,47.53817],[-53.211,47.53483]]]}},{"type":"Feature","properties":{"name":"Brigus \u2014 Conception Bay \u2014 Current condition","Study_Area":"Brigus","WaterBody":"Conception Bay","FRZ_Type":"Current condition","ReturnPeriod":"100 Year","Study_Year":2025,"Study_url":"https://www.gov.nl.ca/eccc/waterres/flooding/frm/"},"geometry":{"type":"Polygon","coordinates":[[[-53.211,47.53598],[-53.21065,47.53598],[-53.21065,47.5361],[-53.211,47.5361],[-53.211,47.53598]]]}},{"type":"Feature","properties":{"name":"Brigus \u2014 Brigus North Brook \u2014 Current condition","Study_Area":"Brigus","WaterBody":"Brigus North Brook","FRZ_Type":"Current condition","ReturnPeriod":"100 Year","Study_Year":2025,"Study_url":"https://www.gov.nl.ca/eccc/waterres/flooding/frm/"},"geometry":{"type":"Polygon","coordinates":[[[-53.22823,47.52146],[-53.21731,47.52146],[-53.21731,47.5316],[-53.22823,47.5316],[-53.22823,47.52146]]]}},{"type":"Feature","properties":{"name":"Brigus \u2014 Apses Brook \u2014 Current condition","Study_Area":"Brigus","WaterBody":"Apses Brook","FRZ_Type":"Current condition","ReturnPeriod":"100 Year","Study_Year":2025,"Study_url":"https://www.gov.nl.ca/eccc/waterres/flooding/frm/"},"geometry":{"type":"Polygon","coordinates":[[[-53.21526,47.52457],[-53.20656,47.52457],[-53.20656,47.53414],[-53.21526,47.53414],[-53.21526,47.52457]]]}},{"type":"Feature","properties":{"name":"Brigus \u2014 Lambes Brook, Brigus North Brook, Apses Brook, and Local Creeks \u2014 Current condition","Study_Area":"Brigus","WaterBody":"Lambes Brook, Brigus North Brook, Apses Brook, and Local Creeks","FRZ_Type":"Current condition","ReturnPeriod":"100 Year","Study_Year":2025,"Study_url":"https://www.gov.nl.ca/eccc/waterres/flooding/frm/"},"geometry":{"type":"Polygon","coordinates":[[[-53.24701,47.51662],[-53.19154,47.51662],[-53.19154,47.54001],[-53.24701,47.54001],[-53.24701,47.51662]]]}},{"type":"Feature","properties":{"name":"Brigus \u2014 Conception Bay \u2014 Climate change","Study_Area":"Brigus","WaterBody":"Conception Bay","FRZ_Type":"Climate change","ReturnPeriod":"20 Year","Study_Year":2025,"Study_url":"https://www.gov.nl.ca/eccc/waterres/flooding/frm/"},"geometry":{"type":"Polygon","coordinates":[[[-53.20612,47.53237],[-53.20606,47.53237],[-53.20606,47.53242],[-53.20612,47.53242],[-53.20612,47.53237]]]}},{"type":"Feature","properties":{"name":"Brigus \u2014 Conception Bay \u2014 Climate change","Study_Area":"Brigus","WaterBody":"Conception Bay","FRZ_Type":"Climate change","ReturnPeriod":"20 Year","Study_Year":2025,"Study_url":"https://www.gov.nl.ca/eccc/waterres/flooding/frm/"},"geometry":{"type":"Polygon","coordinates":[[[-53.21195,47.53473],[-53.2118,47.53473],[-53.2118,47.53476],[-53.21195,47.53476],[-53.21195,47.53473]]]}},{"type":"Feature","properties":{"name":"Brigus \u2014 Conception Bay \u2014 Climate change","Study_Area":"Brigus","WaterBody":"Conception Bay","FRZ_Type":"Climate change","ReturnPeriod":"20 Year","Study_Year":2025,"Study_url":"https://www.gov.nl.ca/eccc/waterres/flooding/frm/"},"geometry":{"type":"Polygon","coordinates":[[[-53.212,47.53593],[-53.21182,47.53593],[-53.21182,47.53602],[-53.212,47.53602],[-53.212,47.53593]]]}},{"type":"Feature","properties":{"name":"Brigus \u2014 Conception Bay \u2014 Climate change","Study_Area":"Brigus","WaterBody":"Conception Bay","FRZ_Type":"Climate change","ReturnPeriod":"20 Year","Study_Year":2025,"Study_url":"https://www.gov.nl.ca/eccc/waterres/flooding/frm/"},"geometry":{"type":"Polygon","coordinates":[[[-53.21134,47.53045],[-53.17686,47.53045],[-53.17686,47.56144],[-53.21134,47.56144],[-53.21134,47.53045]]]}},{"type":"Feature","properties":{"name":"Brigus \u2014 Brigus North Brook \u2014 Climate change","Study_Area":"Brigus","WaterBody":"Brigus North Brook","FRZ_Type":"Climate change","ReturnPeriod":"20 Year","Study_Year":2025,"Study_url":"https://www.gov.nl.ca/eccc/waterres/flooding/frm/"},"geometry":{"type":"Polygon","coordinates":[[[-53.22806,47.52158],[-53.21748,47.52158],[-53.21748,47.5316],[-53.22806,47.5316],[-53.22806,47.52158]]]}},{"type":"Feature","properties":{"name":"Brigus \u2014 Apses Brook \u2014 Climate change","Study_Area":"Brigus","WaterBody":"Apses Brook","FRZ_Type":"Climate change","ReturnPeriod":"20 Year","Study_Year":2025,"Study_url":"https://www.gov.nl.ca/eccc/waterres/flooding/frm/"},"geometry":{"type":"Polygon","coordinates":[[[-53.21526,47.52457],[-53.20656,47.52457],[-53.20656,47.53414],[-53.21526,47.53414],[-53.21526,47.52457]]]}},{"type":"Feature","properties":{"name":"Brigus \u2014 Lambes Brook, Brigus North Brook, Apses Brook, and Local Creeks \u2014 Climate change","Study_Area":"Brigus","WaterBody":"Lambes Brook, Brigus North Brook, Apses Brook, and Local Creeks","FRZ_Type":"Climate change","ReturnPeriod":"20 Year","Study_Year":2025,"Study_url":"https://www.gov.nl.ca/eccc/waterres/flooding/frm/"},"geometry":{"type":"Polygon","coordinates":[[[-53.19529,47.52872],[-53.19154,47.52872],[-53.19154,47.53552],[-53.19529,47.53552],[-53.19529,47.52872]]]}},{"type":"Feature","properties":{"name":"Brigus \u2014 Lambes Brook, Brigus North Brook, Apses Brook, and Local Creeks \u2014 Climate change","Study_Area":"Brigus","WaterBody":"Lambes Brook, Brigus North Brook, Apses Brook, and Local Creeks","FRZ_Type":"Climate change","ReturnPeriod":"20 Year","Study_Year":2025,"Study_url":"https://www.gov.nl.ca/eccc/waterres/flooding/frm/"},"geometry":{"type":"Polygon","coordinates":[[[-53.2028,47.52503],[-53.19802,47.52503],[-53.19802,47.5346],[-53.2028,47.5346],[-53.2028,47.52503]]]}},{"type":"Feature","properties":{"name":"Brigus \u2014 Lambes Brook, Brigus North Brook, Apses Brook, and Local Creeks \u2014 Climate change","Study_Area":"Brigus","WaterBody":"Lambes Brook, Brigus North Brook, Apses Brook, and Local Creeks","FRZ_Type":"Climate change","ReturnPeriod":"20 Year","Study_Year":2025,"Study_url":"https://www.gov.nl.ca/eccc/waterres/flooding/frm/"},"geometry":{"type":"Polygon","coordinates":[[[-53.21509,47.52031],[-53.20451,47.52031],[-53.20451,47.53345],[-53.21509,47.53345],[-53.21509,47.52031]]]}},{"type":"Feature","properties":{"name":"Brigus \u2014 Lambes Brook, Brigus North Brook, Apses Brook, and Local Creeks \u2014 Climate change","Study_Area":"Brigus","WaterBody":"Lambes Brook, Brigus North Brook, Apses Brook, and Local Creeks","FRZ_Type":"Climate change","ReturnPeriod":"20 Year","Study_Year":2025,"Study_url":"https://www.gov.nl.ca/eccc/waterres/flooding/frm/"},"geometry":{"type":"Polygon","coordinates":[[[-53.20588,47.53598],[-53.20553,47.53598],[-53.20553,47.53667],[-53.20588,47.53667],[-53.20588,47.53598]]]}},{"type":"Feature","properties":{"name":"Brigus \u2014 Lambes Brook, Brigus North Brook, Apses Brook, and Local Creeks \u2014 Climate change","Study_Area":"Brigus","WaterBody":"Lambes Brook, Brigus North Brook, Apses Brook, and Local Creeks","FRZ_Type":"Climate change","ReturnPeriod":"20 Year","Study_Year":2025,"Study_url":"https://www.gov.nl.ca/eccc/waterres/flooding/frm/"},"geometry":{"type":"Polygon","coordinates":[[[-53.24701,47.51662],[-53.20588,47.51662],[-53.20588,47.54001],[-53.24701,47.54001],[-53.24701,47.51662]]]}},{"type":"Feature","properties":{"name":"Brigus \u2014 Conception Bay \u2014 Climate change","Study_Area":"Brigus","WaterBody":"Conception Bay","FRZ_Type":"Climate change","ReturnPeriod":"100 Year","Study_Year":2025,"Study_url":"https://www.gov.nl.ca/eccc/waterres/flooding/frm/"},"geometry":{"type":"Polygon","coordinates":[[[-53.20611,47.53237],[-53.20601,47.53237],[-53.20601,47.53242],[-53.20611,47.53242],[-53.20611,47.53237]]]}},{"type":"Feature","properties":{"name":"Brigus \u2014 Conception Bay \u2014 Climate change","Study_Area":"Brigus","WaterBody":"Conception Bay","FRZ_Type":"Climate change","ReturnPeriod":"100 Year","Study_Year":2025,"Study_url":"https://www.gov.nl.ca/eccc/waterres/flooding/frm/"},"geometry":{"type":"Polygon","coordinates":[[[-53.21201,47.53472],[-53.2118,47.53472],[-53.2118,47.53476],[-53.21201,47.53476],[-53.21201,47.53472]]]}},{"type":"Feature","properties":{"name":"Brigus \u2014 Conception Bay \u2014 Climate change","Study_Area":"Brigus","WaterBody":"Conception Bay","FRZ_Type":"Climate change","ReturnPeriod":"100 Year","Study_Year":2025,"Study_url":"https://www.gov.nl.ca/eccc/waterres/flooding/frm/"},"geometry":{"type":"Polygon","coordinates":[[[-53.21204,47.53593],[-53.21182,47.53593],[-53.21182,47.53612],[-53.21204,47.53612],[-53.21204,47.53593]]]}},{"type":"Feature","properties":{"name":"Brigus \u2014 Conception Bay \u2014 Climate change","Study_Area":"Brigus","WaterBody":"Conception Bay","FRZ_Type":"Climate change","ReturnPeriod":"100 Year","Study_Year":2025,"Study_url":"https://www.gov.nl.ca/eccc/waterres/flooding/frm/"},"geometry":{"type":"Polygon","coordinates":[[[-53.21151,47.53045],[-53.17686,47.53045],[-53.17686,47.56144],[-53.21151,47.56144],[-53.21151,47.53045]]]}},{"type":"Feature","properties":{"name":"Brigus \u2014 Apses Brook \u2014 Climate change","Study_Area":"Brigus","WaterBody":"Apses Brook","FRZ_Type":"Climate change","ReturnPeriod":"100 Year","Study_Year":2025,"Study_url":"https://www.gov.nl.ca/eccc/waterres/flooding/frm/"},"geometry":{"type":"Polygon","coordinates":[[[-53.21526,47.52457],[-53.20656,47.52457],[-53.20656,47.53425],[-53.21526,47.53425],[-53.21526,47.52457]]]}},{"type":"Feature","properties":{"name":"Brigus \u2014 Lambes Brook, Brigus North Brook, Apses Brook, and Local Creeks \u2014 Climate change","Study_Area":"Brigus","WaterBody":"Lambes Brook, Brigus North Brook, Apses Brook, and Local Creeks","FRZ_Type":"Climate change","ReturnPeriod":"100 Year","Study_Year":2025,"Study_url":"https://www.gov.nl.ca/eccc/waterres/flooding/frm/"},"geometry":{"type":"Polygon","coordinates":[[[-53.19529,47.52872],[-53.19154,47.52872],[-53.19154,47.53552],[-53.19529,47.53552],[-53.19529,47.52872]]]}},{"type":"Feature","properties":{"name":"Brigus \u2014 Lambes Brook, Brigus North Brook, Apses Brook, and Local Creeks \u2014 Climate change","Study_Area":"Brigus","WaterBody":"Lambes Brook, Brigus North Brook, Apses Brook, and Local Creeks","FRZ_Type":"Climate change","ReturnPeriod":"100 Year","Study_Year":2025,"Study_url":"https://www.gov.nl.ca/eccc/waterres/flooding/frm/"},"geometry":{"type":"Polygon","coordinates":[[[-53.2028,47.52503],[-53.19802,47.52503],[-53.19802,47.5346],[-53.2028,47.5346],[-53.2028,47.52503]]]}},{"type":"Feature","properties":{"name":"Brigus \u2014 Lambes Brook, Brigus North Brook, Apses Brook, and Local Creeks \u2014 Climate change","Study_Area":"Brigus","WaterBody":"Lambes Brook, Brigus North Brook, Apses Brook, and Local Creeks","FRZ_Type":"Climate change","ReturnPeriod":"100 Year","Study_Year":2025,"Study_url":"https://www.gov.nl.ca/eccc/waterres/flooding/frm/"},"geometry":{"type":"Polygon","coordinates":[[[-53.21509,47.52019],[-53.20434,47.52019],[-53.20434,47.53345],[-53.21509,47.53345],[-53.21509,47.52019]]]}},{"type":"Feature","properties":{"name":"Brigus \u2014 Lambes Brook, Brigus North Brook, Apses Brook, and Local Creeks \u2014 Climate change","Study_Area":"Brigus","WaterBody":"Lambes Brook, Brigus North Brook, Apses Brook, and Local Creeks","FRZ_Type":"Climate change","ReturnPeriod":"100 Year","Study_Year":2025,"Study_url":"https://www.gov.nl.ca/eccc/waterres/flooding/frm/"},"geometry":{"type":"Polygon","coordinates":[[[-53.24718,47.51662],[-53.20553,47.51662],[-53.20553,47.54001],[-53.24718,47.54001],[-53.24718,47.51662]]]}},{"type":"Feature","properties":{"name":"Ferryland \u2014 Freshwater River \u2014 Current condition","Study_Area":"Ferryland","WaterBody":"Freshwater River","FRZ_Type":"Current condition","ReturnPeriod":"20 Year","Study_Year":2025,"Study_url":"https://www.gov.nl.ca/eccc/waterres/flooding/frm/"},"geometry":{"type":"Polygon","coordinates":[[[-52.9077,47.03443],[-52.88688,47.03443],[-52.88688,47.03722],[-52.9077,47.03722],[-52.9077,47.03443]]]}},{"type":"Feature","properties":{"name":"Ferryland \u2014 Freshwater River \u2014 Current condition","Study_Area":"Ferryland","WaterBody":"Freshwater River","FRZ_Type":"Current condition","ReturnPeriod":"20 Year","Study_Year":2025,"Study_url":"https://www.gov.nl.ca/eccc/waterres/flooding/frm/"},"geometry":{"type":"Polygon","coordinates":[[[-52.88636,47.03664],[-52.885,47.03664],[-52.885,47.03698],[-52.88636,47.03698],[-52.88636,47.03664]]]}},{"type":"Feature","properties":{"name":"Ferryland \u2014 Quarry River \u2014 Current condition","Study_Area":"Ferryland","WaterBody":"Quarry River","FRZ_Type":"Current condition","ReturnPeriod":"20 Year","Study_Year":2025,"Study_url":"https://www.gov.nl.ca/eccc/waterres/flooding/frm/"},"geometry":{"type":"Polygon","coordinates":[[[-52.94252,47.03175],[-52.91743,47.03175],[-52.91743,47.04082],[-52.94252,47.04082],[-52.94252,47.03175]]]}},{"type":"Feature","properties":{"name":"Ferryland \u2014 Quarry River \u2014 Current condition","Study_Area":"Ferryland","WaterBody":"Quarry River","FRZ_Type":"Current condition","ReturnPeriod":"20 Year","Study_Year":2025,"Study_url":"https://www.gov.nl.ca/eccc/waterres/flooding/frm/"},"geometry":{"type":"Polygon","coordinates":[[[-52.92579,47.02058],[-52.89609,47.02058],[-52.89609,47.03163],[-52.92579,47.03163],[-52.92579,47.02058]]]}},{"type":"Feature","properties":{"name":"Ferryland \u2014 Freshwater & Quarry Rivers \u2014 Current condition","Study_Area":"Ferryland","WaterBody":"Freshwater & Quarry Rivers","FRZ_Type":"Current condition","ReturnPeriod":"20 Year","Study_Year":2025,"Study_url":"https://www.gov.nl.ca/eccc/waterres/flooding/frm/"},"geometry":{"type":"Polygon","coordinates":[[[-52.89051,47.01839],[-52.8905,47.01839],[-52.8905,47.01841],[-52.89051,47.01841],[-52.89051,47.01839]]]}},{"type":"Feature","properties":{"name":"Ferryland \u2014 Freshwater & Quarry Rivers \u2014 Current condition","Study_Area":"Ferryland","WaterBody":"Freshwater & Quarry Rivers","FRZ_Type":"Current condition","ReturnPeriod":"20 Year","Study_Year":2025,"Study_url":"https://www.gov.nl.ca/eccc/waterres/flooding/frm/"},"geometry":{"type":"Polygon","coordinates":[[[-52.89051,47.01843],[-52.8905,47.01843],[-52.8905,47.01845],[-52.89051,47.01845],[-52.89051,47.01843]]]}},{"type":"Feature","properties":{"name":"Ferryland \u2014 Freshwater & Quarry Rivers \u2014 Current condition","Study_Area":"Ferryland","WaterBody":"Freshwater & Quarry Rivers","FRZ_Type":"Current condition","ReturnPeriod":"20 Year","Study_Year":2025,"Study_url":"https://www.gov.nl.ca/eccc/waterres/flooding/frm/"},"geometry":{"type":"Polygon","coordinates":[[[-52.89746,47.01686],[-52.89046,47.01686],[-52.89046,47.0207],[-52.89746,47.0207],[-52.89746,47.01686]]]}},{"type":"Feature","properties":{"name":"Ferryland \u2014 Freshwater & Quarry Rivers \u2014 Current condition","Study_Area":"Ferryland","WaterBody":"Freshwater & Quarry Rivers","FRZ_Type":"Current condition","ReturnPeriod":"20 Year","Study_Year":2025,"Study_url":"https://www.gov.nl.ca/eccc/waterres/flooding/frm/"},"geometry":{"type":"Polygon","coordinates":[[[-52.88322,47.0359],[-52.8832,47.0359],[-52.8832,47.03593],[-52.88322,47.03593],[-52.88322,47.0359]]]}},{"type":"Feature","properties":{"name":"Ferryland \u2014 Freshwater & Quarry Rivers \u2014 Current condition","Study_Area":"Ferryland","WaterBody":"Freshwater & Quarry Rivers","FRZ_Type":"Current condition","ReturnPeriod":"20 Year","Study_Year":2025,"Study_url":"https://www.gov.nl.ca/eccc/waterres/flooding/frm/"},"geometry":{"type":"Polygon","coordinates":[[[-52.88363,47.03792],[-52.88346,47.03792],[-52.88346,47.03803],[-52.88363,47.03803],[-52.88363,47.03792]]]}},{"type":"Feature","properties":{"name":"Ferryland \u2014 Freshwater & Quarry Rivers \u2014 Current condition","Study_Area":"Ferryland","WaterBody":"Freshwater & Quarry Rivers","FRZ_Type":"Current condition","ReturnPeriod":"20 Year","Study_Year":2025,"Study_url":"https://www.gov.nl.ca/eccc/waterres/flooding/frm/"},"geometry":{"type":"Polygon","coordinates":[[[-52.88534,47.03582],[-52.88329,47.03582],[-52.88329,47.03792],[-52.88534,47.03792],[-52.88534,47.03582]]]}},{"type":"Feature","properties":{"name":"Ferryland \u2014 Atlantic Ocean \u2014 Current condition","Study_Area":"Ferryland","WaterBody":"Atlantic Ocean","FRZ_Type":"Current condition","ReturnPeriod":"20 Year","Study_Year":2025,"Study_url":"https://www.gov.nl.ca/eccc/waterres/flooding/frm/"},"geometry":{"type":"Polygon","coordinates":[[[-52.90309,47.0051],[-52.84898,47.0051],[-52.84898,47.05094],[-52.90309,47.05094],[-52.90309,47.0051]]]}},{"type":"Feature","properties":{"name":"Ferryland \u2014 Atlantic Ocean \u2014 Current condition","Study_Area":"Ferryland","WaterBody":"Atlantic Ocean","FRZ_Type":"Current condition","ReturnPeriod":"20 Year","Study_Year":2025,"Study_url":"https://www.gov.nl.ca/eccc/waterres/flooding/frm/"},"geometry":{"type":"Polygon","coordinates":[[[-52.8937,47.01756],[-52.89251,47.01756],[-52.89251,47.0179],[-52.8937,47.0179],[-52.8937,47.01756]]]}},{"type":"Feature","properties":{"name":"Ferryland \u2014 Freshwater River \u2014 Current condition","Study_Area":"Ferryland","WaterBody":"Freshwater River","FRZ_Type":"Current condition","ReturnPeriod":"100 Year","Study_Year":2025,"Study_url":"https://www.gov.nl.ca/eccc/waterres/flooding/frm/"},"geometry":{"type":"Polygon","coordinates":[[[-52.9077,47.03443],[-52.88688,47.03443],[-52.88688,47.03722],[-52.9077,47.03722],[-52.9077,47.03443]]]}},{"type":"Feature","properties":{"name":"Ferryland \u2014 Quarry River \u2014 Current condition","Study_Area":"Ferryland","WaterBody":"Quarry River","FRZ_Type":"Current condition","ReturnPeriod":"100 Year","Study_Year":2025,"Study_url":"https://www.gov.nl.ca/eccc/waterres/flooding/frm/"},"geometry":{"type":"Polygon","coordinates":[[[-52.89968,47.02151],[-52.89933,47.02151],[-52.89933,47.02209],[-52.89968,47.02209],[-52.89968,47.02151]]]}},{"type":"Feature","properties":{"name":"Ferryland \u2014 Quarry River \u2014 Current condition","Study_Area":"Ferryland","WaterBody":"Quarry River","FRZ_Type":"Current condition","ReturnPeriod":"100 Year","Study_Year":2025,"Study_url":"https://www.gov.nl.ca/eccc/waterres/flooding/frm/"},"geometry":{"type":"Polygon","coordinates":[[[-52.92579,47.02058],[-52.89575,47.02058],[-52.89575,47.03163],[-52.92579,47.03163],[-52.92579,47.02058]]]}},{"type":"Feature","properties":{"name":"Ferryland \u2014 Quarry River \u2014 Current condition","Study_Area":"Ferryland","WaterBody":"Quarry River","FRZ_Type":"Current condition","ReturnPeriod":"100 Year","Study_Year":2025,"Study_url":"https://www.gov.nl.ca/eccc/waterres/flooding/frm/"},"geometry":{"type":"Polygon","coordinates":[[[-52.94252,47.03175],[-52.91743,47.03175],[-52.91743,47.04082],[-52.94252,47.04082],[-52.94252,47.03175]]]}},{"type":"Feature","properties":{"name":"Ferryland \u2014 Freshwater & Quarry Rivers \u2014 Current condition","Study_Area":"Ferryland","WaterBody":"Freshwater & Quarry Rivers","FRZ_Type":"Current condition","ReturnPeriod":"100 Year","Study_Year":2025,"Study_url":"https://www.gov.nl.ca/eccc/waterres/flooding/frm/"},"geometry":{"type":"Polygon","coordinates":[[[-52.89746,47.01686],[-52.89046,47.01686],[-52.89046,47.0207],[-52.89746,47.0207],[-52.89746,47.01686]]]}},{"type":"Feature","properties":{"name":"Ferryland \u2014 Freshwater & Quarry Rivers \u2014 Current condition","Study_Area":"Ferryland","WaterBody":"Freshwater & Quarry Rivers","FRZ_Type":"Current condition","ReturnPeriod":"100 Year","Study_Year":2025,"Study_url":"https://www.gov.nl.ca/eccc/waterres/flooding/frm/"},"geometry":{"type":"Polygon","coordinates":[[[-52.88324,47.0359],[-52.8832,47.0359],[-52.8832,47.03593],[-52.88324,47.03593],[-52.88324,47.0359]]]}},{"type":"Feature","properties":{"name":"Ferryland \u2014 Freshwater & Quarry Rivers \u2014 Current condition","Study_Area":"Ferryland","WaterBody":"Freshwater & Quarry Rivers","FRZ_Type":"Current condition","ReturnPeriod":"100 Year","Study_Year":2025,"Study_url":"https://www.gov.nl.ca/eccc/waterres/flooding/frm/"},"geometry":{"type":"Polygon","coordinates":[[[-52.88363,47.03792],[-52.88346,47.03792],[-52.88346,47.03803],[-52.88363,47.03803],[-52.88363,47.03792]]]}},{"type":"Feature","properties":{"name":"Ferryland \u2014 Freshwater & Quarry Rivers \u2014 Current condition","Study_Area":"Ferryland","WaterBody":"Freshwater & Quarry Rivers","FRZ_Type":"Current condition","ReturnPeriod":"100 Year","Study_Year":2025,"Study_url":"https://www.gov.nl.ca/eccc/waterres/flooding/frm/"},"geometry":{"type":"Polygon","coordinates":[[[-52.88653,47.03582],[-52.88329,47.03582],[-52.88329,47.03792],[-52.88653,47.03792],[-52.88653,47.03582]]]}},{"type":"Feature","properties":{"name":"Ferryland \u2014 Atlantic Ocean \u2014 Current condition","Study_Area":"Ferryland","WaterBody":"Atlantic Ocean","FRZ_Type":"Current condition","ReturnPeriod":"100 Year","Study_Year":2025,"Study_url":"https://www.gov.nl.ca/eccc/waterres/flooding/frm/"},"geometry":{"type":"Polygon","coordinates":[[[-52.90309,47.0051],[-52.84898,47.0051],[-52.84898,47.05094],[-52.90309,47.05094],[-52.90309,47.0051]]]}},{"type":"Feature","properties":{"name":"Ferryland \u2014 Atlantic Ocean \u2014 Current condition","Study_Area":"Ferryland","WaterBody":"Atlantic Ocean","FRZ_Type":"Current condition","ReturnPeriod":"100 Year","Study_Year":2025,"Study_url":"https://www.gov.nl.ca/eccc/waterres/flooding/frm/"},"geometry":{"type":"Polygon","coordinates":[[[-52.89387,47.01744],[-52.89251,47.01744],[-52.89251,47.0179],[-52.89387,47.0179],[-52.89387,47.01744]]]}},{"type":"Feature","properties":{"name":"Ferryland \u2014 Freshwater River \u2014 Climate change","Study_Area":"Ferryland","WaterBody":"Freshwater River","FRZ_Type":"Climate change","ReturnPeriod":"20 Year","Study_Year":2025,"Study_url":"https://www.gov.nl.ca/eccc/waterres/flooding/frm/"},"geometry":{"type":"Polygon","coordinates":[[[-52.9077,47.03443],[-52.88688,47.03443],[-52.88688,47.03722],[-52.9077,47.03722],[-52.9077,47.03443]]]}},{"type":"Feature","properties":{"name":"Ferryland \u2014 Quarry River \u2014 Climate change","Study_Area":"Ferryland","WaterBody":"Quarry River","FRZ_Type":"Climate change","ReturnPeriod":"20 Year","Study_Year":2025,"Study_url":"https://www.gov.nl.ca/eccc/waterres/flooding/frm/"},"geometry":{"type":"Polygon","coordinates":[[[-52.91206,47.02308],[-52.91193,47.02308],[-52.91193,47.02318],[-52.91206,47.02318],[-52.91206,47.02308]]]}},{"type":"Feature","properties":{"name":"Ferryland \u2014 Quarry River \u2014 Climate change","Study_Area":"Ferryland","WaterBody":"Quarry River","FRZ_Type":"Climate change","ReturnPeriod":"20 Year","Study_Year":2025,"Study_url":"https://www.gov.nl.ca/eccc/waterres/flooding/frm/"},"geometry":{"type":"Polygon","coordinates":[[[-52.92579,47.02058],[-52.89575,47.02058],[-52.89575,47.03163],[-52.92579,47.03163],[-52.92579,47.02058]]]}},{"type":"Feature","properties":{"name":"Ferryland \u2014 Quarry River \u2014 Climate change","Study_Area":"Ferryland","WaterBody":"Quarry River","FRZ_Type":"Climate change","ReturnPeriod":"20 Year","Study_Year":2025,"Study_url":"https://www.gov.nl.ca/eccc/waterres/flooding/frm/"},"geometry":{"type":"Polygon","coordinates":[[[-52.94252,47.03175],[-52.91743,47.03175],[-52.91743,47.04082],[-52.94252,47.04082],[-52.94252,47.03175]]]}},{"type":"Feature","properties":{"name":"Ferryland \u2014 Freshwater & Quarry Rivers \u2014 Climate change","Study_Area":"Ferryland","WaterBody":"Freshwater & Quarry Rivers","FRZ_Type":"Climate change","ReturnPeriod":"20 Year","Study_Year":2025,"Study_url":"https://www.gov.nl.ca/eccc/waterres/flooding/frm/"},"geometry":{"type":"Polygon","coordinates":[[[-52.89175,47.01687],[-52.89175,47.01687],[-52.89175,47.01687],[-52.89175,47.01687],[-52.89175,47.01687]]]}},{"type":"Feature","properties":{"name":"Ferryland \u2014 Freshwater & Quarry Rivers \u2014 Climate change","Study_Area":"Ferryland","WaterBody":"Freshwater & Quarry Rivers","FRZ_Type":"Climate change","ReturnPeriod":"20 Year","Study_Year":2025,"Study_url":"https://www.gov.nl.ca/eccc/waterres/flooding/frm/"},"geometry":{"type":"Polygon","coordinates":[[[-52.89746,47.01686],[-52.89046,47.01686],[-52.89046,47.0207],[-52.89746,47.0207],[-52.89746,47.01686]]]}},{"type":"Feature","properties":{"name":"Ferryland \u2014 Freshwater & Quarry Rivers \u2014 Climate change","Study_Area":"Ferryland","WaterBody":"Freshwater & Quarry Rivers","FRZ_Type":"Climate change","ReturnPeriod":"20 Year","Study_Year":2025,"Study_url":"https://www.gov.nl.ca/eccc/waterres/flooding/frm/"},"geometry":{"type":"Polygon","coordinates":[[[-52.88326,47.03589],[-52.8832,47.03589],[-52.8832,47.03593],[-52.88326,47.03593],[-52.88326,47.03589]]]}},{"type":"Feature","properties":{"name":"Ferryland \u2014 Freshwater & Quarry Rivers \u2014 Climate change","Study_Area":"Ferryland","WaterBody":"Freshwater & Quarry Rivers","FRZ_Type":"Climate change","ReturnPeriod":"20 Year","Study_Year":2025,"Study_url":"https://www.gov.nl.ca/eccc/waterres/flooding/frm/"},"geometry":{"type":"Polygon","coordinates":[[[-52.88653,47.03582],[-52.88329,47.03582],[-52.88329,47.03803],[-52.88653,47.03803],[-52.88653,47.03582]]]}},{"type":"Feature","properties":{"name":"Ferryland \u2014 Atlantic Ocean \u2014 Climate change","Study_Area":"Ferryland","WaterBody":"Atlantic Ocean","FRZ_Type":"Climate change","ReturnPeriod":"20 Year","Study_Year":2025,"Study_url":"https://www.gov.nl.ca/eccc/waterres/flooding/frm/"},"geometry":{"type":"Polygon","coordinates":[[[-52.90309,47.0051],[-52.84898,47.0051],[-52.84898,47.05094],[-52.90309,47.05094],[-52.90309,47.0051]]]}},{"type":"Feature","properties":{"name":"Ferryland \u2014 Atlantic Ocean \u2014 Climate change","Study_Area":"Ferryland","WaterBody":"Atlantic Ocean","FRZ_Type":"Climate change","ReturnPeriod":"20 Year","Study_Year":2025,"Study_url":"https://www.gov.nl.ca/eccc/waterres/flooding/frm/"},"geometry":{"type":"Polygon","coordinates":[[[-52.89404,47.01744],[-52.89251,47.01744],[-52.89251,47.0179],[-52.89404,47.0179],[-52.89404,47.01744]]]}},{"type":"Feature","properties":{"name":"Ferryland \u2014 Freshwater River \u2014 Climate change","Study_Area":"Ferryland","WaterBody":"Freshwater River","FRZ_Type":"Climate change","ReturnPeriod":"100 Year","Study_Year":2025,"Study_url":"https://www.gov.nl.ca/eccc/waterres/flooding/frm/"},"geometry":{"type":"Polygon","coordinates":[[[-52.9077,47.03419],[-52.88568,47.03419],[-52.88568,47.03722],[-52.9077,47.03722],[-52.9077,47.03419]]]}},{"type":"Feature","properties":{"name":"Ferryland \u2014 Quarry River \u2014 Climate change","Study_Area":"Ferryland","WaterBody":"Quarry River","FRZ_Type":"Climate change","ReturnPeriod":"100 Year","Study_Year":2025,"Study_url":"https://www.gov.nl.ca/eccc/waterres/flooding/frm/"},"geometry":{"type":"Polygon","coordinates":[[[-52.94252,47.03175],[-52.91743,47.03175],[-52.91743,47.04106],[-52.94252,47.04106],[-52.94252,47.03175]]]}},{"type":"Feature","properties":{"name":"Ferryland \u2014 Quarry River \u2014 Climate change","Study_Area":"Ferryland","WaterBody":"Quarry River","FRZ_Type":"Climate change","ReturnPeriod":"100 Year","Study_Year":2025,"Study_url":"https://www.gov.nl.ca/eccc/waterres/flooding/frm/"},"geometry":{"type":"Polygon","coordinates":[[[-52.92596,47.02058],[-52.89558,47.02058],[-52.89558,47.03163],[-52.92596,47.03163],[-52.92596,47.02058]]]}},{"type":"Feature","properties":{"name":"Ferryland \u2014 Freshwater & Quarry Rivers \u2014 Climate change","Study_Area":"Ferryland","WaterBody":"Freshwater & Quarry Rivers","FRZ_Type":"Climate change","ReturnPeriod":"100 Year","Study_Year":2025,"Study_url":"https://www.gov.nl.ca/eccc/waterres/flooding/frm/"},"geometry":{"type":"Polygon","coordinates":[[[-52.89746,47.01686],[-52.89046,47.01686],[-52.89046,47.0207],[-52.89746,47.0207],[-52.89746,47.01686]]]}},{"type":"Feature","properties":{"name":"Ferryland \u2014 Freshwater & Quarry Rivers \u2014 Climate change","Study_Area":"Ferryland","WaterBody":"Freshwater & Quarry Rivers","FRZ_Type":"Climate change","ReturnPeriod":"100 Year","Study_Year":2025,"Study_url":"https://www.gov.nl.ca/eccc/waterres/flooding/frm/"},"geometry":{"type":"Polygon","coordinates":[[[-52.88328,47.03589],[-52.8832,47.03589],[-52.8832,47.03594],[-52.88328,47.03594],[-52.88328,47.03589]]]}},{"type":"Feature","properties":{"name":"Ferryland \u2014 Freshwater & Quarry Rivers \u2014 Climate change","Study_Area":"Ferryland","WaterBody":"Freshwater & Quarry Rivers","FRZ_Type":"Climate change","ReturnPeriod":"100 Year","Study_Year":2025,"Study_url":"https://www.gov.nl.ca/eccc/waterres/flooding/frm/"},"geometry":{"type":"Polygon","coordinates":[[[-52.88653,47.03582],[-52.88329,47.03582],[-52.88329,47.03803],[-52.88653,47.03803],[-52.88653,47.03582]]]}},{"type":"Feature","properties":{"name":"Ferryland \u2014 Atlantic Ocean \u2014 Climate change","Study_Area":"Ferryland","WaterBody":"Atlantic Ocean","FRZ_Type":"Climate change","ReturnPeriod":"100 Year","Study_Year":2025,"Study_url":"https://www.gov.nl.ca/eccc/waterres/flooding/frm/"},"geometry":{"type":"Polygon","coordinates":[[[-52.90309,47.0051],[-52.84898,47.0051],[-52.84898,47.05094],[-52.90309,47.05094],[-52.90309,47.0051]]]}},{"type":"Feature","properties":{"name":"Ferryland \u2014 Atlantic Ocean \u2014 Climate change","Study_Area":"Ferryland","WaterBody":"Atlantic Ocean","FRZ_Type":"Climate change","ReturnPeriod":"100 Year","Study_Year":2025,"Study_url":"https://www.gov.nl.ca/eccc/waterres/flooding/frm/"},"geometry":{"type":"Polygon","coordinates":[[[-52.89421,47.01744],[-52.89251,47.01744],[-52.89251,47.0179],[-52.89421,47.0179],[-52.89421,47.01744]]]}},{"type":"Feature","properties":{"name":"Hant's Harbour \u2014 Southwest Brook & Short's Brook \u2014 Current condition","Study_Area":"Hant's Harbour","WaterBody":"Southwest Brook & Short's Brook","FRZ_Type":"Current condition","ReturnPeriod":"20 Year","Study_Year":2025,"Study_url":"https://www.gov.nl.ca/eccc/waterres/flooding/frm/"},"geometry":{"type":"Polygon","coordinates":[[[-53.27159,47.99065],[-53.25913,47.99065],[-53.25913,48.01441],[-53.27159,48.01441],[-53.27159,47.99065]]]}},{"type":"Feature","properties":{"name":"Hant's Harbour \u2014 Southwest Brook \u2014 Current condition","Study_Area":"Hant's Harbour","WaterBody":"Southwest Brook","FRZ_Type":"Current condition","ReturnPeriod":"20 Year","Study_Year":2025,"Study_url":"https://www.gov.nl.ca/eccc/waterres/flooding/frm/"},"geometry":{"type":"Polygon","coordinates":[[[-53.28268,47.99248],[-53.27142,47.99248],[-53.27142,48.00493],[-53.28268,48.00493],[-53.28268,47.99248]]]}},{"type":"Feature","properties":{"name":"Hant's Harbour \u2014 Southwest Brook & Short's Brook \u2014 Current condition","Study_Area":"Hant's Harbour","WaterBody":"Southwest Brook & Short's Brook","FRZ_Type":"Current condition","ReturnPeriod":"20 Year","Study_Year":2025,"Study_url":"https://www.gov.nl.ca/eccc/waterres/flooding/frm/"},"geometry":{"type":"Polygon","coordinates":[[[-53.26288,48.01441],[-53.25537,48.01441],[-53.25537,48.01806],[-53.26288,48.01806],[-53.26288,48.01441]]]}},{"type":"Feature","properties":{"name":"Hant's Harbour \u2014 Halfway Brook \u2014 Current condition","Study_Area":"Hant's Harbour","WaterBody":"Halfway Brook","FRZ_Type":"Current condition","ReturnPeriod":"20 Year","Study_Year":2025,"Study_url":"https://www.gov.nl.ca/eccc/waterres/flooding/frm/"},"geometry":{"type":"Polygon","coordinates":[[[-53.31426,47.9758],[-53.26647,47.9758],[-53.26647,48.01943],[-53.31426,48.01943],[-53.31426,47.9758]]]}},{"type":"Feature","properties":{"name":"Hant's Harbour \u2014 Local Creek 1 \u2014 Current condition","Study_Area":"Hant's Harbour","WaterBody":"Local Creek 1","FRZ_Type":"Current condition","ReturnPeriod":"20 Year","Study_Year":2025,"Study_url":"https://www.gov.nl.ca/eccc/waterres/flooding/frm/"},"geometry":{"type":"Polygon","coordinates":[[[-53.24872,48.01738],[-53.2383,48.01738],[-53.2383,48.02537],[-53.24872,48.02537],[-53.24872,48.01738]]]}},{"type":"Feature","properties":{"name":"Hant's Harbour \u2014 Trinity Bay \u2014 Current condition","Study_Area":"Hant's Harbour","WaterBody":"Trinity Bay","FRZ_Type":"Current condition","ReturnPeriod":"20 Year","Study_Year":2025,"Study_url":"https://www.gov.nl.ca/eccc/waterres/flooding/frm/"},"geometry":{"type":"Polygon","coordinates":[[[-53.34105,47.96975],[-53.2395,47.96975],[-53.2395,48.03495],[-53.34105,48.03495],[-53.34105,47.96975]]]}},{"type":"Feature","properties":{"name":"Hant's Harbour \u2014 Trinity Bay \u2014 Current condition","Study_Area":"Hant's Harbour","WaterBody":"Trinity Bay","FRZ_Type":"Current condition","ReturnPeriod":"20 Year","Study_Year":2025,"Study_url":"https://www.gov.nl.ca/eccc/waterres/flooding/frm/"},"geometry":{"type":"Polygon","coordinates":[[[-53.25947,48.01406],[-53.2593,48.01406],[-53.2593,48.01441],[-53.25947,48.01441],[-53.25947,48.01406]]]}},{"type":"Feature","properties":{"name":"Hant's Harbour \u2014 Southwest Brook \u2014 Current condition","Study_Area":"Hant's Harbour","WaterBody":"Southwest Brook","FRZ_Type":"Current condition","ReturnPeriod":"100 Year","Study_Year":2025,"Study_url":"https://www.gov.nl.ca/eccc/waterres/flooding/frm/"},"geometry":{"type":"Polygon","coordinates":[[[-53.28285,47.99248],[-53.27142,47.99248],[-53.27142,48.00493],[-53.28285,48.00493],[-53.28285,47.99248]]]}},{"type":"Feature","properties":{"name":"Hant's Harbour \u2014 Halfway Brook, Southwest Brook, Short's Brook & Local Creek 1 \u2014 Current condition","Study_Area":"Hant's Harbour","WaterBody":"Halfway Brook, Southwest Brook, Short's Brook & Local Creek 1","FRZ_Type":"Current condition","ReturnPeriod":"100 Year","Study_Year":2025,"Study_url":"https://www.gov.nl.ca/eccc/waterres/flooding/frm/"},"geometry":{"type":"Polygon","coordinates":[[[-53.26644,48.0194],[-53.26635,48.0194],[-53.26635,48.01943],[-53.26644,48.01943],[-53.26644,48.0194]]]}},{"type":"Feature","properties":{"name":"Hant's Harbour \u2014 Halfway Brook, Southwest Brook, Short's Brook & Local Creek 1 \u2014 Current condition","Study_Area":"Hant's Harbour","WaterBody":"Halfway Brook, Southwest Brook, Short's Brook & Local Creek 1","FRZ_Type":"Current condition","ReturnPeriod":"100 Year","Study_Year":2025,"Study_url":"https://www.gov.nl.ca/eccc/waterres/flooding/frm/"},"geometry":{"type":"Polygon","coordinates":[[[-53.24872,48.01726],[-53.2383,48.01726],[-53.2383,48.02537],[-53.24872,48.02537],[-53.24872,48.01726]]]}},{"type":"Feature","properties":{"name":"Hant's Harbour \u2014 Halfway Brook, Southwest Brook, Short's Brook & Local Creek 1 \u2014 Current condition","Study_Area":"Hant's Harbour","WaterBody":"Halfway Brook, Southwest Brook, Short's Brook & Local Creek 1","FRZ_Type":"Current condition","ReturnPeriod":"100 Year","Study_Year":2025,"Study_url":"https://www.gov.nl.ca/eccc/waterres/flooding/frm/"},"geometry":{"type":"Polygon","coordinates":[[[-53.26288,48.01441],[-53.25537,48.01441],[-53.25537,48.01806],[-53.26288,48.01806],[-53.26288,48.01441]]]}},{"type":"Feature","properties":{"name":"Hant's Harbour \u2014 Halfway Brook, Southwest Brook, Short's Brook & Local Creek 1 \u2014 Current condition","Study_Area":"Hant's Harbour","WaterBody":"Halfway Brook, Southwest Brook, Short's Brook & Local Creek 1","FRZ_Type":"Current condition","ReturnPeriod":"100 Year","Study_Year":2025,"Study_url":"https://www.gov.nl.ca/eccc/waterres/flooding/frm/"},"geometry":{"type":"Polygon","coordinates":[[[-53.31426,47.9758],[-53.26647,47.9758],[-53.26647,48.01943],[-53.31426,48.01943],[-53.31426,47.9758]]]}},{"type":"Feature","properties":{"name":"Hant's Harbour \u2014 Southwest Brook & Short's Brook \u2014 Current condition","Study_Area":"Hant's Harbour","WaterBody":"Southwest Brook & Short's Brook","FRZ_Type":"Current condition","ReturnPeriod":"100 Year","Study_Year":2025,"Study_url":"https://www.gov.nl.ca/eccc/waterres/flooding/frm/"},"geometry":{"type":"Polygon","coordinates":[[[-53.27159,47.99065],[-53.25913,47.99065],[-53.25913,48.01441],[-53.27159,48.01441],[-53.27159,47.99065]]]}},{"type":"Feature","properties":{"name":"Hant's Harbour \u2014 Trinity Bay \u2014 Current condition","Study_Area":"Hant's Harbour","WaterBody":"Trinity Bay","FRZ_Type":"Current condition","ReturnPeriod":"100 Year","Study_Year":2025,"Study_url":"https://www.gov.nl.ca/eccc/waterres/flooding/frm/"},"geometry":{"type":"Polygon","coordinates":[[[-53.34105,47.96975],[-53.2395,47.96975],[-53.2395,48.03495],[-53.34105,48.03495],[-53.34105,47.96975]]]}},{"type":"Feature","properties":{"name":"Hant's Harbour \u2014 Trinity Bay \u2014 Current condition","Study_Area":"Hant's Harbour","WaterBody":"Trinity Bay","FRZ_Type":"Current condition","ReturnPeriod":"100 Year","Study_Year":2025,"Study_url":"https://www.gov.nl.ca/eccc/waterres/flooding/frm/"},"geometry":{"type":"Polygon","coordinates":[[[-53.25947,48.01406],[-53.2593,48.01406],[-53.2593,48.01441],[-53.25947,48.01441],[-53.25947,48.01406]]]}},{"type":"Feature","properties":{"name":"Hant's Harbour \u2014 Southwest Brook \u2014 Climate change","Study_Area":"Hant's Harbour","WaterBody":"Southwest Brook","FRZ_Type":"Climate change","ReturnPeriod":"20 Year","Study_Year":2025,"Study_url":"https://www.gov.nl.ca/eccc/waterres/flooding/frm/"},"geometry":{"type":"Polygon","coordinates":[[[-53.28285,47.99248],[-53.27142,47.99248],[-53.27142,48.00493],[-53.28285,48.00493],[-53.28285,47.99248]]]}},{"type":"Feature","properties":{"name":"Hant's Harbour \u2014 Halfway Brook, Southwest Brook, Short's Brook & Local Creek 1 \u2014 Climate change","Study_Area":"Hant's Harbour","WaterBody":"Halfway Brook, Southwest Brook, Short's Brook & Local Creek 1","FRZ_Type":"Climate change","ReturnPeriod":"20 Year","Study_Year":2025,"Study_url":"https://www.gov.nl.ca/eccc/waterres/flooding/frm/"},"geometry":{"type":"Polygon","coordinates":[[[-53.24872,48.01738],[-53.2383,48.01738],[-53.2383,48.02537],[-53.24872,48.02537],[-53.24872,48.01738]]]}},{"type":"Feature","properties":{"name":"Hant's Harbour \u2014 Halfway Brook, Southwest Brook, Short's Brook & Local Creek 1 \u2014 Climate change","Study_Area":"Hant's Harbour","WaterBody":"Halfway Brook, Southwest Brook, Short's Brook & Local Creek 1","FRZ_Type":"Climate change","ReturnPeriod":"20 Year","Study_Year":2025,"Study_url":"https://www.gov.nl.ca/eccc/waterres/flooding/frm/"},"geometry":{"type":"Polygon","coordinates":[[[-53.26305,48.01441],[-53.2552,48.01441],[-53.2552,48.01806],[-53.26305,48.01806],[-53.26305,48.01441]]]}},{"type":"Feature","properties":{"name":"Hant's Harbour \u2014 Halfway Brook, Southwest Brook, Short's Brook & Local Creek 1 \u2014 Climate change","Study_Area":"Hant's Harbour","WaterBody":"Halfway Brook, Southwest Brook, Short's Brook & Local Creek 1","FRZ_Type":"Climate change","ReturnPeriod":"20 Year","Study_Year":2025,"Study_url":"https://www.gov.nl.ca/eccc/waterres/flooding/frm/"},"geometry":{"type":"Polygon","coordinates":[[[-53.31426,47.9758],[-53.26647,47.9758],[-53.26647,48.01943],[-53.31426,48.01943],[-53.31426,47.9758]]]}},{"type":"Feature","properties":{"name":"Hant's Harbour \u2014 Southwest Brook & Short's Brook \u2014 Climate change","Study_Area":"Hant's Harbour","WaterBody":"Southwest Brook & Short's Brook","FRZ_Type":"Climate change","ReturnPeriod":"20 Year","Study_Year":2025,"Study_url":"https://www.gov.nl.ca/eccc/waterres/flooding/frm/"},"geometry":{"type":"Polygon","coordinates":[[[-53.27159,47.99065],[-53.25913,47.99065],[-53.25913,48.01441],[-53.27159,48.01441],[-53.27159,47.99065]]]}},{"type":"Feature","properties":{"name":"Hant's Harbour \u2014 Trinity Bay \u2014 Climate change","Study_Area":"Hant's Harbour","WaterBody":"Trinity Bay","FRZ_Type":"Climate change","ReturnPeriod":"20 Year","Study_Year":2025,"Study_url":"https://www.gov.nl.ca/eccc/waterres/flooding/frm/"},"geometry":{"type":"Polygon","coordinates":[[[-53.34105,47.96975],[-53.2395,47.96975],[-53.2395,48.03495],[-53.34105,48.03495],[-53.34105,47.96975]]]}},{"type":"Feature","properties":{"name":"Hant's Harbour \u2014 Trinity Bay \u2014 Climate change","Study_Area":"Hant's Harbour","WaterBody":"Trinity Bay","FRZ_Type":"Climate change","ReturnPeriod":"20 Year","Study_Year":2025,"Study_url":"https://www.gov.nl.ca/eccc/waterres/flooding/frm/"},"geometry":{"type":"Polygon","coordinates":[[[-53.25998,48.01372],[-53.2593,48.01372],[-53.2593,48.01441],[-53.25998,48.01441],[-53.25998,48.01372]]]}},{"type":"Feature","properties":{"name":"Hant's Harbour \u2014 Southwest Brook \u2014 Climate change","Study_Area":"Hant's Harbour","WaterBody":"Southwest Brook","FRZ_Type":"Climate change","ReturnPeriod":"100 Year","Study_Year":2025,"Study_url":"https://www.gov.nl.ca/eccc/waterres/flooding/frm/"},"geometry":{"type":"Polygon","coordinates":[[[-53.28285,47.99248],[-53.2692,47.99248],[-53.2692,48.00527],[-53.28285,48.00527],[-53.28285,47.99248]]]}},{"type":"Feature","properties":{"name":"Hant's Harbour \u2014 Halfway Brook, Southwest Brook, Short's Brook & Local Creek 1 \u2014 Climate change","Study_Area":"Hant's Harbour","WaterBody":"Halfway Brook, Southwest Brook, Short's Brook & Local Creek 1","FRZ_Type":"Climate change","ReturnPeriod":"100 Year","Study_Year":2025,"Study_url":"https://www.gov.nl.ca/eccc/waterres/flooding/frm/"},"geometry":{"type":"Polygon","coordinates":[[[-53.31426,47.97569],[-53.2383,47.97569],[-53.2383,48.02537],[-53.31426,48.02537],[-53.31426,47.97569]]]}},{"type":"Feature","properties":{"name":"Hant's Harbour \u2014 Southwest Brook & Short's Brook \u2014 Climate change","Study_Area":"Hant's Harbour","WaterBody":"Southwest Brook & Short's Brook","FRZ_Type":"Climate change","ReturnPeriod":"100 Year","Study_Year":2025,"Study_url":"https://www.gov.nl.ca/eccc/waterres/flooding/frm/"},"geometry":{"type":"Polygon","coordinates":[[[-53.27159,47.99065],[-53.25913,47.99065],[-53.25913,48.01441],[-53.27159,48.01441],[-53.27159,47.99065]]]}},{"type":"Feature","properties":{"name":"Hant's Harbour \u2014 Trinity Bay \u2014 Climate change","Study_Area":"Hant's Harbour","WaterBody":"Trinity Bay","FRZ_Type":"Climate change","ReturnPeriod":"100 Year","Study_Year":2025,"Study_url":"https://www.gov.nl.ca/eccc/waterres/flooding/frm/"},"geometry":{"type":"Polygon","coordinates":[[[-53.34105,47.96975],[-53.2395,47.96975],[-53.2395,48.03495],[-53.34105,48.03495],[-53.34105,47.96975]]]}},{"type":"Feature","properties":{"name":"Hant's Harbour \u2014 Trinity Bay \u2014 Climate change","Study_Area":"Hant's Harbour","WaterBody":"Trinity Bay","FRZ_Type":"Climate change","ReturnPeriod":"100 Year","Study_Year":2025,"Study_url":"https://www.gov.nl.ca/eccc/waterres/flooding/frm/"},"geometry":{"type":"Polygon","coordinates":[[[-53.26015,48.01349],[-53.2593,48.01349],[-53.2593,48.01441],[-53.26015,48.01441],[-53.26015,48.01349]]]}},{"type":"Feature","properties":{"name":"Heart's Delight \u2014 Local Creek 4 \u2014 Climate change","Study_Area":"Heart's Delight","WaterBody":"Local Creek 4","FRZ_Type":"Climate change","ReturnPeriod":"20 Year","Study_Year":2025,"Study_url":"https://www.gov.nl.ca/eccc/waterres/flooding/frm/"},"geometry":{"type":"Polygon","coordinates":[[[-53.46719,47.78819],[-53.4648,47.78819],[-53.4648,47.78979],[-53.46719,47.78979],[-53.46719,47.78819]]]}},{"type":"Feature","properties":{"name":"Heart's Delight \u2014 Local Creek 4 \u2014 Climate change","Study_Area":"Heart's Delight","WaterBody":"Local Creek 4","FRZ_Type":"Climate change","ReturnPeriod":"20 Year","Study_Year":2025,"Study_url":"https://www.gov.nl.ca/eccc/waterres/flooding/frm/"},"geometry":{"type":"Polygon","coordinates":[[[-53.47521,47.78865],[-53.46702,47.78865],[-53.46702,47.79174],[-53.47521,47.79174],[-53.47521,47.78865]]]}},{"type":"Feature","properties":{"name":"Heart's Delight \u2014 Local Creek 1 \u2014 Climate change","Study_Area":"Heart's Delight","WaterBody":"Local Creek 1","FRZ_Type":"Climate change","ReturnPeriod":"20 Year","Study_Year":2025,"Study_url":"https://www.gov.nl.ca/eccc/waterres/flooding/frm/"},"geometry":{"type":"Polygon","coordinates":[[[-53.48989,47.74494],[-53.46275,47.74494],[-53.46275,47.75871],[-53.48989,47.75871],[-53.48989,47.74494]]]}},{"type":"Feature","properties":{"name":"Heart's Delight \u2014 Heart's Delight Brook \u2014 Climate change","Study_Area":"Heart's Delight","WaterBody":"Heart's Delight Brook","FRZ_Type":"Climate change","ReturnPeriod":"20 Year","Study_Year":2025,"Study_url":"https://www.gov.nl.ca/eccc/waterres/flooding/frm/"},"geometry":{"type":"Polygon","coordinates":[[[-53.46497,47.76903],[-53.43186,47.76903],[-53.43186,47.78165],[-53.46497,47.78165],[-53.46497,47.76903]]]}},{"type":"Feature","properties":{"name":"Heart's Delight \u2014 Local Creek 2 \u2014 Climate change","Study_Area":"Heart's Delight","WaterBody":"Local Creek 2","FRZ_Type":"Climate change","ReturnPeriod":"20 Year","Study_Year":2025,"Study_url":"https://www.gov.nl.ca/eccc/waterres/flooding/frm/"},"geometry":{"type":"Polygon","coordinates":[[[-53.46872,47.75481],[-53.43937,47.75481],[-53.43937,47.77144],[-53.46872,47.77144],[-53.46872,47.75481]]]}},{"type":"Feature","properties":{"name":"Heart's Delight \u2014 Local Creek 3 \u2014 Climate change","Study_Area":"Heart's Delight","WaterBody":"Local Creek 3","FRZ_Type":"Climate change","ReturnPeriod":"20 Year","Study_Year":2025,"Study_url":"https://www.gov.nl.ca/eccc/waterres/flooding/frm/"},"geometry":{"type":"Polygon","coordinates":[[[-53.47009,47.77775],[-53.45985,47.77775],[-53.45985,47.782],[-53.47009,47.782],[-53.47009,47.77775]]]}},{"type":"Feature","properties":{"name":"Heart's Delight \u2014 Trinity Bay \u2014 Current condition","Study_Area":"Heart's Delight","WaterBody":"Trinity Bay","FRZ_Type":"Current condition","ReturnPeriod":"20 Year","Study_Year":2025,"Study_url":"https://www.gov.nl.ca/eccc/waterres/flooding/frm/"},"geometry":{"type":"Polygon","coordinates":[[[-53.48135,47.75963],[-53.47811,47.75963],[-53.47811,47.76227],[-53.48135,47.76227],[-53.48135,47.75963]]]}},{"type":"Feature","properties":{"name":"Heart's Delight \u2014 Trinity Bay \u2014 Current condition","Study_Area":"Heart's Delight","WaterBody":"Trinity Bay","FRZ_Type":"Current condition","ReturnPeriod":"20 Year","Study_Year":2025,"Study_url":"https://www.gov.nl.ca/eccc/waterres/flooding/frm/"},"geometry":{"type":"Polygon","coordinates":[[[-53.46787,47.76949],[-53.46616,47.76949],[-53.46616,47.77098],[-53.46787,47.77098],[-53.46787,47.76949]]]}},{"type":"Feature","properties":{"name":"Heart's Delight \u2014 Trinity Bay \u2014 Current condition","Study_Area":"Heart's Delight","WaterBody":"Trinity Bay","FRZ_Type":"Current condition","ReturnPeriod":"20 Year","Study_Year":2025,"Study_url":"https://www.gov.nl.ca/eccc/waterres/flooding/frm/"},"geometry":{"type":"Polygon","coordinates":[[[-53.51259,47.74895],[-53.46224,47.74895],[-53.46224,47.79782],[-53.51259,47.79782],[-53.51259,47.74895]]]}},{"type":"Feature","properties":{"name":"Heart's Delight \u2014 Trinity Bay \u2014 Current condition","Study_Area":"Heart's Delight","WaterBody":"Trinity Bay","FRZ_Type":"Current condition","ReturnPeriod":"20 Year","Study_Year":2025,"Study_url":"https://www.gov.nl.ca/eccc/waterres/flooding/frm/"},"geometry":{"type":"Polygon","coordinates":[[[-53.46241,47.77041],[-53.46207,47.77041],[-53.46207,47.77053],[-53.46241,47.77053],[-53.46241,47.77041]]]}},{"type":"Feature","properties":{"name":"Heart's Delight \u2014 Trinity Bay \u2014 Current condition","Study_Area":"Heart's Delight","WaterBody":"Trinity Bay","FRZ_Type":"Current condition","ReturnPeriod":"20 Year","Study_Year":2025,"Study_url":"https://www.gov.nl.ca/eccc/waterres/flooding/frm/"},"geometry":{"type":"Polygon","coordinates":[[[-53.4665,47.76869],[-53.46497,47.76869],[-53.46497,47.76949],[-53.4665,47.76949],[-53.4665,47.76869]]]}},{"type":"Feature","properties":{"name":"Heart's Delight \u2014 Local Creek 4 \u2014 Current condition","Study_Area":"Heart's Delight","WaterBody":"Local Creek 4","FRZ_Type":"Current condition","ReturnPeriod":"100 Year","Study_Year":2025,"Study_url":"https://www.gov.nl.ca/eccc/waterres/flooding/frm/"},"geometry":{"type":"Polygon","coordinates":[[[-53.46753,47.78819],[-53.4648,47.78819],[-53.4648,47.79117],[-53.46753,47.79117],[-53.46753,47.78819]]]}},{"type":"Feature","properties":{"name":"Heart's Delight \u2014 Local Creek 4 \u2014 Current condition","Study_Area":"Heart's Delight","WaterBody":"Local Creek 4","FRZ_Type":"Current condition","ReturnPeriod":"100 Year","Study_Year":2025,"Study_url":"https://www.gov.nl.ca/eccc/waterres/flooding/frm/"},"geometry":{"type":"Polygon","coordinates":[[[-53.47521,47.78865],[-53.46702,47.78865],[-53.46702,47.79174],[-53.47521,47.79174],[-53.47521,47.78865]]]}},{"type":"Feature","properties":{"name":"Heart's Delight \u2014 Local Creek 1 \u2014 Current condition","Study_Area":"Heart's Delight","WaterBody":"Local Creek 1","FRZ_Type":"Current condition","ReturnPeriod":"100 Year","Study_Year":2025,"Study_url":"https://www.gov.nl.ca/eccc/waterres/flooding/frm/"},"geometry":{"type":"Polygon","coordinates":[[[-53.48972,47.74494],[-53.46275,47.74494],[-53.46275,47.75871],[-53.48972,47.75871],[-53.48972,47.74494]]]}},{"type":"Feature","properties":{"name":"Heart's Delight \u2014 Heart's Delight Brook \u2014 Current condition","Study_Area":"Heart's Delight","WaterBody":"Heart's Delight Brook","FRZ_Type":"Current condition","ReturnPeriod":"100 Year","Study_Year":2025,"Study_url":"https://www.gov.nl.ca/eccc/waterres/flooding/frm/"},"geometry":{"type":"Polygon","coordinates":[[[-53.46497,47.76903],[-53.43186,47.76903],[-53.43186,47.78165],[-53.46497,47.78165],[-53.46497,47.76903]]]}},{"type":"Feature","properties":{"name":"Heart's Delight \u2014 Local Creek 2 \u2014 Current condition","Study_Area":"Heart's Delight","WaterBody":"Local Creek 2","FRZ_Type":"Current condition","ReturnPeriod":"100 Year","Study_Year":2025,"Study_url":"https://www.gov.nl.ca/eccc/waterres/flooding/frm/"},"geometry":{"type":"Polygon","coordinates":[[[-53.46872,47.75481],[-53.43937,47.75481],[-53.43937,47.77144],[-53.46872,47.77144],[-53.46872,47.75481]]]}},{"type":"Feature","properties":{"name":"Heart's Delight \u2014 Local Creek 3 \u2014 Current condition","Study_Area":"Heart's Delight","WaterBody":"Local Creek 3","FRZ_Type":"Current condition","ReturnPeriod":"100 Year","Study_Year":2025,"Study_url":"https://www.gov.nl.ca/eccc/waterres/flooding/frm/"},"geometry":{"type":"Polygon","coordinates":[[[-53.47009,47.77775],[-53.45968,47.77775],[-53.45968,47.782],[-53.47009,47.782],[-53.47009,47.77775]]]}},{"type":"Feature","properties":{"name":"Heart's Delight \u2014 Trinity Bay \u2014 Current condition","Study_Area":"Heart's Delight","WaterBody":"Trinity Bay","FRZ_Type":"Current condition","ReturnPeriod":"100 Year","Study_Year":2025,"Study_url":"https://www.gov.nl.ca/eccc/waterres/flooding/frm/"},"geometry":{"type":"Polygon","coordinates":[[[-53.48135,47.75963],[-53.47811,47.75963],[-53.47811,47.76227],[-53.48135,47.76227],[-53.48135,47.75963]]]}},{"type":"Feature","properties":{"name":"Heart's Delight \u2014 Trinity Bay \u2014 Current condition","Study_Area":"Heart's Delight","WaterBody":"Trinity Bay","FRZ_Type":"Current condition","ReturnPeriod":"100 Year","Study_Year":2025,"Study_url":"https://www.gov.nl.ca/eccc/waterres/flooding/frm/"},"geometry":{"type":"Polygon","coordinates":[[[-53.46787,47.76949],[-53.46616,47.76949],[-53.46616,47.7711],[-53.46787,47.7711],[-53.46787,47.76949]]]}},{"type":"Feature","properties":{"name":"Heart's Delight \u2014 Trinity Bay \u2014 Current condition","Study_Area":"Heart's Delight","WaterBody":"Trinity Bay","FRZ_Type":"Current condition","ReturnPeriod":"100 Year","Study_Year":2025,"Study_url":"https://www.gov.nl.ca/eccc/waterres/flooding/frm/"},"geometry":{"type":"Polygon","coordinates":[[[-53.46738,47.78009],[-53.46729,47.78009],[-53.46729,47.78038],[-53.46738,47.78038],[-53.46738,47.78009]]]}},{"type":"Feature","properties":{"name":"Heart's Delight \u2014 Trinity Bay \u2014 Current condition","Study_Area":"Heart's Delight","WaterBody":"Trinity Bay","FRZ_Type":"Current condition","ReturnPeriod":"100 Year","Study_Year":2025,"Study_url":"https://www.gov.nl.ca/eccc/waterres/flooding/frm/"},"geometry":{"type":"Polygon","coordinates":[[[-53.51259,47.74895],[-53.46224,47.74895],[-53.46224,47.79782],[-53.51259,47.79782],[-53.51259,47.74895]]]}},{"type":"Feature","properties":{"name":"Heart's Delight \u2014 Trinity Bay \u2014 Current condition","Study_Area":"Heart's Delight","WaterBody":"Trinity Bay","FRZ_Type":"Current condition","ReturnPeriod":"100 Year","Study_Year":2025,"Study_url":"https://www.gov.nl.ca/eccc/waterres/flooding/frm/"},"geometry":{"type":"Polygon","coordinates":[[[-53.46275,47.77041],[-53.46207,47.77041],[-53.46207,47.77064],[-53.46275,47.77064],[-53.46275,47.77041]]]}},{"type":"Feature","properties":{"name":"Heart's Delight \u2014 Trinity Bay \u2014 Current condition","Study_Area":"Heart's Delight","WaterBody":"Trinity Bay","FRZ_Type":"Current condition","ReturnPeriod":"100 Year","Study_Year":2025,"Study_url":"https://www.gov.nl.ca/eccc/waterres/flooding/frm/"},"geometry":{"type":"Polygon","coordinates":[[[-53.46667,47.76858],[-53.4648,47.76858],[-53.4648,47.76949],[-53.46667,47.76949],[-53.46667,47.76858]]]}},{"type":"Feature","properties":{"name":"Heart's Delight \u2014 Local Creek 3 \u2014 Current condition","Study_Area":"Heart's Delight","WaterBody":"Local Creek 3","FRZ_Type":"Current condition","ReturnPeriod":"20 Year","Study_Year":2025,"Study_url":"https://www.gov.nl.ca/eccc/waterres/flooding/frm/"},"geometry":{"type":"Polygon","coordinates":[[[-53.4648,47.77913],[-53.45985,47.77913],[-53.45985,47.782],[-53.4648,47.782],[-53.4648,47.77913]]]}},{"type":"Feature","properties":{"name":"Heart's Delight \u2014 Local Creek 3 \u2014 Current condition","Study_Area":"Heart's Delight","WaterBody":"Local Creek 3","FRZ_Type":"Current condition","ReturnPeriod":"20 Year","Study_Year":2025,"Study_url":"https://www.gov.nl.ca/eccc/waterres/flooding/frm/"},"geometry":{"type":"Polygon","coordinates":[[[-53.46497,47.77959],[-53.46463,47.77959],[-53.46463,47.77982],[-53.46497,47.77982],[-53.46497,47.77959]]]}},{"type":"Feature","properties":{"name":"Heart's Delight \u2014 Local Creek 4 \u2014 Current condition","Study_Area":"Heart's Delight","WaterBody":"Local Creek 4","FRZ_Type":"Current condition","ReturnPeriod":"20 Year","Study_Year":2025,"Study_url":"https://www.gov.nl.ca/eccc/waterres/flooding/frm/"},"geometry":{"type":"Polygon","coordinates":[[[-53.46702,47.78819],[-53.4648,47.78819],[-53.4648,47.78911],[-53.46702,47.78911],[-53.46702,47.78819]]]}},{"type":"Feature","properties":{"name":"Heart's Delight \u2014 Local Creek 2 \u2014 Current condition","Study_Area":"Heart's Delight","WaterBody":"Local Creek 2","FRZ_Type":"Current condition","ReturnPeriod":"20 Year","Study_Year":2025,"Study_url":"https://www.gov.nl.ca/eccc/waterres/flooding/frm/"},"geometry":{"type":"Polygon","coordinates":[[[-53.46719,47.75481],[-53.43937,47.75481],[-53.43937,47.76949],[-53.46719,47.76949],[-53.46719,47.75481]]]}},{"type":"Feature","properties":{"name":"Heart's Delight \u2014 Local Creek 2 \u2014 Current condition","Study_Area":"Heart's Delight","WaterBody":"Local Creek 2","FRZ_Type":"Current condition","ReturnPeriod":"20 Year","Study_Year":2025,"Study_url":"https://www.gov.nl.ca/eccc/waterres/flooding/frm/"},"geometry":{"type":"Polygon","coordinates":[[[-53.46804,47.76949],[-53.46599,47.76949],[-53.46599,47.7711],[-53.46804,47.7711],[-53.46804,47.76949]]]}},{"type":"Feature","properties":{"name":"Heart's Delight \u2014 Local Creek 3 \u2014 Current condition","Study_Area":"Heart's Delight","WaterBody":"Local Creek 3","FRZ_Type":"Current condition","ReturnPeriod":"20 Year","Study_Year":2025,"Study_url":"https://www.gov.nl.ca/eccc/waterres/flooding/frm/"},"geometry":{"type":"Polygon","coordinates":[[[-53.47009,47.77775],[-53.46446,47.77775],[-53.46446,47.7797],[-53.47009,47.7797],[-53.47009,47.77775]]]}},{"type":"Feature","properties":{"name":"Heart's Delight \u2014 Local Creek 1 \u2014 Current condition","Study_Area":"Heart's Delight","WaterBody":"Local Creek 1","FRZ_Type":"Current condition","ReturnPeriod":"20 Year","Study_Year":2025,"Study_url":"https://www.gov.nl.ca/eccc/waterres/flooding/frm/"},"geometry":{"type":"Polygon","coordinates":[[[-53.48972,47.74494],[-53.46275,47.74494],[-53.46275,47.75871],[-53.48972,47.75871],[-53.48972,47.74494]]]}},{"type":"Feature","properties":{"name":"Heart's Delight \u2014 Local Creek 2 \u2014 Current condition","Study_Area":"Heart's Delight","WaterBody":"Local Creek 2","FRZ_Type":"Current condition","ReturnPeriod":"20 Year","Study_Year":2025,"Study_url":"https://www.gov.nl.ca/eccc/waterres/flooding/frm/"},"geometry":{"type":"Polygon","coordinates":[[[-53.46872,47.7703],[-53.4677,47.7703],[-53.4677,47.77144],[-53.46872,47.77144],[-53.46872,47.7703]]]}},{"type":"Feature","properties":{"name":"Heart's Delight \u2014 Heart's Delight Brook \u2014 Current condition","Study_Area":"Heart's Delight","WaterBody":"Heart's Delight Brook","FRZ_Type":"Current condition","ReturnPeriod":"20 Year","Study_Year":2025,"Study_url":"https://www.gov.nl.ca/eccc/waterres/flooding/frm/"},"geometry":{"type":"Polygon","coordinates":[[[-53.46497,47.77053],[-53.46224,47.77053],[-53.46224,47.77385],[-53.46497,47.77385],[-53.46497,47.77053]]]}},{"type":"Feature","properties":{"name":"Heart's Delight \u2014 Local Creek 4 \u2014 Current condition","Study_Area":"Heart's Delight","WaterBody":"Local Creek 4","FRZ_Type":"Current condition","ReturnPeriod":"20 Year","Study_Year":2025,"Study_url":"https://www.gov.nl.ca/eccc/waterres/flooding/frm/"},"geometry":{"type":"Polygon","coordinates":[[[-53.47521,47.78865],[-53.46702,47.78865],[-53.46702,47.79174],[-53.47521,47.79174],[-53.47521,47.78865]]]}},{"type":"Feature","properties":{"name":"Heart's Delight \u2014 Heart's Delight Brook & Local Creeks \u2014 Current condition","Study_Area":"Heart's Delight","WaterBody":"Heart's Delight Brook & Local Creeks","FRZ_Type":"Current condition","ReturnPeriod":"20 Year","Study_Year":2025,"Study_url":"https://www.gov.nl.ca/eccc/waterres/flooding/frm/"},"geometry":{"type":"Polygon","coordinates":[[[-53.46275,47.76903],[-53.43186,47.76903],[-53.43186,47.78154],[-53.46275,47.78154],[-53.46275,47.76903]]]}},{"type":"Feature","properties":{"name":"Heart's Delight \u2014 Trinity Bay \u2014 Climate change","Study_Area":"Heart's Delight","WaterBody":"Trinity Bay","FRZ_Type":"Climate change","ReturnPeriod":"20 Year","Study_Year":2025,"Study_url":"https://www.gov.nl.ca/eccc/waterres/flooding/frm/"},"geometry":{"type":"Polygon","coordinates":[[[-53.48135,47.75963],[-53.47794,47.75963],[-53.47794,47.76227],[-53.48135,47.76227],[-53.48135,47.75963]]]}},{"type":"Feature","properties":{"name":"Heart's Delight \u2014 Trinity Bay \u2014 Climate change","Study_Area":"Heart's Delight","WaterBody":"Trinity Bay","FRZ_Type":"Climate change","ReturnPeriod":"20 Year","Study_Year":2025,"Study_url":"https://www.gov.nl.ca/eccc/waterres/flooding/frm/"},"geometry":{"type":"Polygon","coordinates":[[[-53.46804,47.76949],[-53.46599,47.76949],[-53.46599,47.7711],[-53.46804,47.7711],[-53.46804,47.76949]]]}},{"type":"Feature","properties":{"name":"Heart's Delight \u2014 Trinity Bay \u2014 Climate change","Study_Area":"Heart's Delight","WaterBody":"Trinity Bay","FRZ_Type":"Climate change","ReturnPeriod":"20 Year","Study_Year":2025,"Study_url":"https://www.gov.nl.ca/eccc/waterres/flooding/frm/"},"geometry":{"type":"Polygon","coordinates":[[[-53.46753,47.78005],[-53.46667,47.78005],[-53.46667,47.7805],[-53.46753,47.7805],[-53.46753,47.78005]]]}},{"type":"Feature","properties":{"name":"Heart's Delight \u2014 Trinity Bay \u2014 Climate change","Study_Area":"Heart's Delight","WaterBody":"Trinity Bay","FRZ_Type":"Climate change","ReturnPeriod":"20 Year","Study_Year":2025,"Study_url":"https://www.gov.nl.ca/eccc/waterres/flooding/frm/"},"geometry":{"type":"Polygon","coordinates":[[[-53.51259,47.74895],[-53.46224,47.74895],[-53.46224,47.79782],[-53.51259,47.79782],[-53.51259,47.74895]]]}},{"type":"Feature","properties":{"name":"Heart's Delight \u2014 Trinity Bay \u2014 Climate change","Study_Area":"Heart's Delight","WaterBody":"Trinity Bay","FRZ_Type":"Climate change","ReturnPeriod":"20 Year","Study_Year":2025,"Study_url":"https://www.gov.nl.ca/eccc/waterres/flooding/frm/"},"geometry":{"type":"Polygon","coordinates":[[[-53.46258,47.77041],[-53.4619,47.77041],[-53.4619,47.77053],[-53.46258,47.77053],[-53.46258,47.77041]]]}},{"type":"Feature","properties":{"name":"Heart's Delight \u2014 Trinity Bay \u2014 Climate change","Study_Area":"Heart's Delight","WaterBody":"Trinity Bay","FRZ_Type":"Climate change","ReturnPeriod":"20 Year","Study_Year":2025,"Study_url":"https://www.gov.nl.ca/eccc/waterres/flooding/frm/"},"geometry":{"type":"Polygon","coordinates":[[[-53.46667,47.76823],[-53.4648,47.76823],[-53.4648,47.76949],[-53.46667,47.76949],[-53.46667,47.76823]]]}},{"type":"Feature","properties":{"name":"Heart's Delight \u2014 Local Creek 4 \u2014 Climate change","Study_Area":"Heart's Delight","WaterBody":"Local Creek 4","FRZ_Type":"Climate change","ReturnPeriod":"100 Year","Study_Year":2025,"Study_url":"https://www.gov.nl.ca/eccc/waterres/flooding/frm/"},"geometry":{"type":"Polygon","coordinates":[[[-53.46753,47.78819],[-53.4648,47.78819],[-53.4648,47.79381],[-53.46753,47.79381],[-53.46753,47.78819]]]}},{"type":"Feature","properties":{"name":"Heart's Delight \u2014 Local Creek 3 \u2014 Climate change","Study_Area":"Heart's Delight","WaterBody":"Local Creek 3","FRZ_Type":"Climate change","ReturnPeriod":"100 Year","Study_Year":2025,"Study_url":"https://www.gov.nl.ca/eccc/waterres/flooding/frm/"},"geometry":{"type":"Polygon","coordinates":[[[-53.47009,47.77775],[-53.45968,47.77775],[-53.45968,47.782],[-53.47009,47.782],[-53.47009,47.77775]]]}},{"type":"Feature","properties":{"name":"Heart's Delight \u2014 Local Creek 1 \u2014 Climate change","Study_Area":"Heart's Delight","WaterBody":"Local Creek 1","FRZ_Type":"Climate change","ReturnPeriod":"100 Year","Study_Year":2025,"Study_url":"https://www.gov.nl.ca/eccc/waterres/flooding/frm/"},"geometry":{"type":"Polygon","coordinates":[[[-53.48989,47.74494],[-53.46275,47.74494],[-53.46275,47.75871],[-53.48989,47.75871],[-53.48989,47.74494]]]}},{"type":"Feature","properties":{"name":"Heart's Delight \u2014 Local Creek 2 \u2014 Climate change","Study_Area":"Heart's Delight","WaterBody":"Local Creek 2","FRZ_Type":"Climate change","ReturnPeriod":"100 Year","Study_Year":2025,"Study_url":"https://www.gov.nl.ca/eccc/waterres/flooding/frm/"},"geometry":{"type":"Polygon","coordinates":[[[-53.46872,47.75481],[-53.4392,47.75481],[-53.4392,47.77144],[-53.46872,47.77144],[-53.46872,47.75481]]]}},{"type":"Feature","properties":{"name":"Heart's Delight \u2014 Heart's Delight Brook \u2014 Climate change","Study_Area":"Heart's Delight","WaterBody":"Heart's Delight Brook","FRZ_Type":"Climate change","ReturnPeriod":"100 Year","Study_Year":2025,"Study_url":"https://www.gov.nl.ca/eccc/waterres/flooding/frm/"},"geometry":{"type":"Polygon","coordinates":[[[-53.46497,47.76903],[-53.43186,47.76903],[-53.43186,47.78165],[-53.46497,47.78165],[-53.46497,47.76903]]]}},{"type":"Feature","properties":{"name":"Heart's Delight \u2014 Local Creek 4 \u2014 Climate change","Study_Area":"Heart's Delight","WaterBody":"Local Creek 4","FRZ_Type":"Climate change","ReturnPeriod":"100 Year","Study_Year":2025,"Study_url":"https://www.gov.nl.ca/eccc/waterres/flooding/frm/"},"geometry":{"type":"Polygon","coordinates":[[[-53.47521,47.78865],[-53.46702,47.78865],[-53.46702,47.79174],[-53.47521,47.79174],[-53.47521,47.78865]]]}},{"type":"Feature","properties":{"name":"Heart's Delight \u2014 Trinity Bay \u2014 Climate change","Study_Area":"Heart's Delight","WaterBody":"Trinity Bay","FRZ_Type":"Climate change","ReturnPeriod":"100 Year","Study_Year":2025,"Study_url":"https://www.gov.nl.ca/eccc/waterres/flooding/frm/"},"geometry":{"type":"Polygon","coordinates":[[[-53.46804,47.76949],[-53.46599,47.76949],[-53.46599,47.7711],[-53.46804,47.7711],[-53.46804,47.76949]]]}},{"type":"Feature","properties":{"name":"Heart's Delight \u2014 Trinity Bay \u2014 Climate change","Study_Area":"Heart's Delight","WaterBody":"Trinity Bay","FRZ_Type":"Climate change","ReturnPeriod":"100 Year","Study_Year":2025,"Study_url":"https://www.gov.nl.ca/eccc/waterres/flooding/frm/"},"geometry":{"type":"Polygon","coordinates":[[[-53.46753,47.78005],[-53.46667,47.78005],[-53.46667,47.78062],[-53.46753,47.78062],[-53.46753,47.78005]]]}},{"type":"Feature","properties":{"name":"Heart's Delight \u2014 Trinity Bay \u2014 Climate change","Study_Area":"Heart's Delight","WaterBody":"Trinity Bay","FRZ_Type":"Climate change","ReturnPeriod":"100 Year","Study_Year":2025,"Study_url":"https://www.gov.nl.ca/eccc/waterres/flooding/frm/"},"geometry":{"type":"Polygon","coordinates":[[[-53.51259,47.74895],[-53.46224,47.74895],[-53.46224,47.79782],[-53.51259,47.79782],[-53.51259,47.74895]]]}},{"type":"Feature","properties":{"name":"Heart's Delight \u2014 Trinity Bay \u2014 Climate change","Study_Area":"Heart's Delight","WaterBody":"Trinity Bay","FRZ_Type":"Climate change","ReturnPeriod":"100 Year","Study_Year":2025,"Study_url":"https://www.gov.nl.ca/eccc/waterres/flooding/frm/"},"geometry":{"type":"Polygon","coordinates":[[[-53.46258,47.77041],[-53.4619,47.77041],[-53.4619,47.77053],[-53.46258,47.77053],[-53.46258,47.77041]]]}},{"type":"Feature","properties":{"name":"Heart's Delight \u2014 Trinity Bay \u2014 Climate change","Study_Area":"Heart's Delight","WaterBody":"Trinity Bay","FRZ_Type":"Climate change","ReturnPeriod":"100 Year","Study_Year":2025,"Study_url":"https://www.gov.nl.ca/eccc/waterres/flooding/frm/"},"geometry":{"type":"Polygon","coordinates":[[[-53.46702,47.76823],[-53.4648,47.76823],[-53.4648,47.76949],[-53.46702,47.76949],[-53.46702,47.76823]]]}},{"type":"Feature","properties":{"name":"Winterton \u2014 Western Pond Brook \u2014 Current condition","Study_Area":"Winterton","WaterBody":"Western Pond Brook","FRZ_Type":"Current condition","ReturnPeriod":"20 Year","Study_Year":2025,"Study_url":"https://www.gov.nl.ca/eccc/waterres/flooding/frm/"},"geometry":{"type":"Polygon","coordinates":[[[-53.31682,47.95363],[-53.31631,47.95363],[-53.31631,47.95386],[-53.31682,47.95386],[-53.31682,47.95363]]]}},{"type":"Feature","properties":{"name":"Winterton \u2014 Western Pond Brook \u2014 Current condition","Study_Area":"Winterton","WaterBody":"Western Pond Brook","FRZ_Type":"Current condition","ReturnPeriod":"20 Year","Study_Year":2025,"Study_url":"https://www.gov.nl.ca/eccc/waterres/flooding/frm/"},"geometry":{"type":"Polygon","coordinates":[[[-53.33576,47.95283],[-53.32911,47.95283],[-53.32911,47.95855],[-53.33576,47.95855],[-53.33576,47.95283]]]}},{"type":"Feature","properties":{"name":"Winterton \u2014 Western Pond Brook \u2014 Current condition","Study_Area":"Winterton","WaterBody":"Western Pond Brook","FRZ_Type":"Current condition","ReturnPeriod":"20 Year","Study_Year":2025,"Study_url":"https://www.gov.nl.ca/eccc/waterres/flooding/frm/"},"geometry":{"type":"Polygon","coordinates":[[[-53.32188,47.94426],[-53.32179,47.94426],[-53.32179,47.94436],[-53.32188,47.94436],[-53.32188,47.94426]]]}},{"type":"Feature","properties":{"name":"Winterton \u2014 Western Pond Brook \u2014 Current condition","Study_Area":"Winterton","WaterBody":"Western Pond Brook","FRZ_Type":"Current condition","ReturnPeriod":"20 Year","Study_Year":2025,"Study_url":"https://www.gov.nl.ca/eccc/waterres/flooding/frm/"},"geometry":{"type":"Polygon","coordinates":[[[-53.32928,47.9398],[-53.27585,47.9398],[-53.27585,47.95957],[-53.32928,47.95957],[-53.32928,47.9398]]]}},{"type":"Feature","properties":{"name":"Winterton \u2014 Trinity Bay \u2014 Current condition","Study_Area":"Winterton","WaterBody":"Trinity Bay","FRZ_Type":"Current condition","ReturnPeriod":"20 Year","Study_Year":2025,"Study_url":"https://www.gov.nl.ca/eccc/waterres/flooding/frm/"},"geometry":{"type":"Polygon","coordinates":[[[-53.33064,47.95752],[-53.33047,47.95752],[-53.33047,47.95763],[-53.33064,47.95763],[-53.33064,47.95752]]]}},{"type":"Feature","properties":{"name":"Winterton \u2014 Trinity Bay \u2014 Current condition","Study_Area":"Winterton","WaterBody":"Trinity Bay","FRZ_Type":"Current condition","ReturnPeriod":"20 Year","Study_Year":2025,"Study_url":"https://www.gov.nl.ca/eccc/waterres/flooding/frm/"},"geometry":{"type":"Polygon","coordinates":[[[-53.36,47.94083],[-53.32928,47.94083],[-53.32928,47.96986],[-53.36,47.96986],[-53.36,47.94083]]]}},{"type":"Feature","properties":{"name":"Winterton \u2014 Western Pond Brook \u2014 Current condition","Study_Area":"Winterton","WaterBody":"Western Pond Brook","FRZ_Type":"Current condition","ReturnPeriod":"100 Year","Study_Year":2025,"Study_url":"https://www.gov.nl.ca/eccc/waterres/flooding/frm/"},"geometry":{"type":"Polygon","coordinates":[[[-53.33585,47.95669],[-53.33581,47.95669],[-53.33581,47.95671],[-53.33585,47.95671],[-53.33585,47.95669]]]}},{"type":"Feature","properties":{"name":"Winterton \u2014 Western Pond Brook \u2014 Current condition","Study_Area":"Winterton","WaterBody":"Western Pond Brook","FRZ_Type":"Current condition","ReturnPeriod":"100 Year","Study_Year":2025,"Study_url":"https://www.gov.nl.ca/eccc/waterres/flooding/frm/"},"geometry":{"type":"Polygon","coordinates":[[[-53.33576,47.9398],[-53.27585,47.9398],[-53.27585,47.95957],[-53.33576,47.95957],[-53.33576,47.9398]]]}},{"type":"Feature","properties":{"name":"Winterton \u2014 Trinity Bay \u2014 Current condition","Study_Area":"Winterton","WaterBody":"Trinity Bay","FRZ_Type":"Current condition","ReturnPeriod":"20 Year","Study_Year":2025,"Study_url":"https://www.gov.nl.ca/eccc/waterres/flooding/frm/"},"geometry":{"type":"Polygon","coordinates":[[[-53.33064,47.95752],[-53.33047,47.95752],[-53.33047,47.95763],[-53.33064,47.95763],[-53.33064,47.95752]]]}},{"type":"Feature","properties":{"name":"Winterton \u2014 Trinity Bay \u2014 Current condition","Study_Area":"Winterton","WaterBody":"Trinity Bay","FRZ_Type":"Current condition","ReturnPeriod":"100 Year","Study_Year":2025,"Study_url":"https://www.gov.nl.ca/eccc/waterres/flooding/frm/"},"geometry":{"type":"Polygon","coordinates":[[[-53.36,47.94083],[-53.32928,47.94083],[-53.32928,47.96986],[-53.36,47.96986],[-53.36,47.94083]]]}},{"type":"Feature","properties":{"name":"Winterton \u2014 Western Pond Brook \u2014 Climate change","Study_Area":"Winterton","WaterBody":"Western Pond Brook","FRZ_Type":"Climate change","ReturnPeriod":"20 Year","Study_Year":2025,"Study_url":"https://www.gov.nl.ca/eccc/waterres/flooding/frm/"},"geometry":{"type":"Polygon","coordinates":[[[-53.33586,47.95668],[-53.33578,47.95668],[-53.33578,47.95672],[-53.33586,47.95672],[-53.33586,47.95668]]]}},{"type":"Feature","properties":{"name":"Winterton \u2014 Western Pond Brook \u2014 Climate change","Study_Area":"Winterton","WaterBody":"Western Pond Brook","FRZ_Type":"Climate change","ReturnPeriod":"20 Year","Study_Year":2025,"Study_url":"https://www.gov.nl.ca/eccc/waterres/flooding/frm/"},"geometry":{"type":"Polygon","coordinates":[[[-53.33576,47.9398],[-53.27585,47.9398],[-53.27585,47.95957],[-53.33576,47.95957],[-53.33576,47.9398]]]}},{"type":"Feature","properties":{"name":"Winterton \u2014 Trinity Bay \u2014 Climate change","Study_Area":"Winterton","WaterBody":"Trinity Bay","FRZ_Type":"Climate change","ReturnPeriod":"20 Year","Study_Year":2025,"Study_url":"https://www.gov.nl.ca/eccc/waterres/flooding/frm/"},"geometry":{"type":"Polygon","coordinates":[[[-53.33047,47.95432],[-53.3303,47.95432],[-53.3303,47.95443],[-53.33047,47.95443],[-53.33047,47.95432]]]}},{"type":"Feature","properties":{"name":"Winterton \u2014 Trinity Bay \u2014 Climate change","Study_Area":"Winterton","WaterBody":"Trinity Bay","FRZ_Type":"Climate change","ReturnPeriod":"20 Year","Study_Year":2025,"Study_url":"https://www.gov.nl.ca/eccc/waterres/flooding/frm/"},"geometry":{"type":"Polygon","coordinates":[[[-53.32928,47.95534],[-53.32911,47.95534],[-53.32911,47.95546],[-53.32928,47.95546],[-53.32928,47.95534]]]}},{"type":"Feature","properties":{"name":"Winterton \u2014 Trinity Bay \u2014 Climate change","Study_Area":"Winterton","WaterBody":"Trinity Bay","FRZ_Type":"Climate change","ReturnPeriod":"20 Year","Study_Year":2025,"Study_url":"https://www.gov.nl.ca/eccc/waterres/flooding/frm/"},"geometry":{"type":"Polygon","coordinates":[[[-53.33184,47.95717],[-53.33167,47.95717],[-53.33167,47.95729],[-53.33184,47.95729],[-53.33184,47.95717]]]}},{"type":"Feature","properties":{"name":"Winterton \u2014 Trinity Bay \u2014 Climate change","Study_Area":"Winterton","WaterBody":"Trinity Bay","FRZ_Type":"Climate change","ReturnPeriod":"20 Year","Study_Year":2025,"Study_url":"https://www.gov.nl.ca/eccc/waterres/flooding/frm/"},"geometry":{"type":"Polygon","coordinates":[[[-53.33064,47.95752],[-53.32979,47.95752],[-53.32979,47.95809],[-53.33064,47.95809],[-53.33064,47.95752]]]}},{"type":"Feature","properties":{"name":"Winterton \u2014 Trinity Bay \u2014 Climate change","Study_Area":"Winterton","WaterBody":"Trinity Bay","FRZ_Type":"Climate change","ReturnPeriod":"20 Year","Study_Year":2025,"Study_url":"https://www.gov.nl.ca/eccc/waterres/flooding/frm/"},"geometry":{"type":"Polygon","coordinates":[[[-53.36,47.94083],[-53.32928,47.94083],[-53.32928,47.96986],[-53.36,47.96986],[-53.36,47.94083]]]}},{"type":"Feature","properties":{"name":"Winterton \u2014 Western Pond Brook & Local Creek \u2014 Climate change","Study_Area":"Winterton","WaterBody":"Western Pond Brook & Local Creek","FRZ_Type":"Climate change","ReturnPeriod":"100 Year","Study_Year":2025,"Study_url":"https://www.gov.nl.ca/eccc/waterres/flooding/frm/"},"geometry":{"type":"Polygon","coordinates":[[[-53.33576,47.9398],[-53.27585,47.9398],[-53.27585,47.95957],[-53.33576,47.95957],[-53.33576,47.9398]]]}},{"type":"Feature","properties":{"name":"Winterton \u2014 Trinity Bay \u2014 Climate change","Study_Area":"Winterton","WaterBody":"Trinity Bay","FRZ_Type":"Climate change","ReturnPeriod":"100 Year","Study_Year":2025,"Study_url":"https://www.gov.nl.ca/eccc/waterres/flooding/frm/"},"geometry":{"type":"Polygon","coordinates":[[[-53.33047,47.95432],[-53.3303,47.95432],[-53.3303,47.95443],[-53.33047,47.95443],[-53.33047,47.95432]]]}},{"type":"Feature","properties":{"name":"Winterton \u2014 Trinity Bay \u2014 Climate change","Study_Area":"Winterton","WaterBody":"Trinity Bay","FRZ_Type":"Climate change","ReturnPeriod":"100 Year","Study_Year":2025,"Study_url":"https://www.gov.nl.ca/eccc/waterres/flooding/frm/"},"geometry":{"type":"Polygon","coordinates":[[[-53.33053,47.95444],[-53.33044,47.95444],[-53.33044,47.9545],[-53.33053,47.9545],[-53.33053,47.95444]]]}},{"type":"Feature","properties":{"name":"Winterton \u2014 Trinity Bay \u2014 Climate change","Study_Area":"Winterton","WaterBody":"Trinity Bay","FRZ_Type":"Climate change","ReturnPeriod":"100 Year","Study_Year":2025,"Study_url":"https://www.gov.nl.ca/eccc/waterres/flooding/frm/"},"geometry":{"type":"Polygon","coordinates":[[[-53.32945,47.95534],[-53.32911,47.95534],[-53.32911,47.95557],[-53.32945,47.95557],[-53.32945,47.95534]]]}},{"type":"Feature","properties":{"name":"Winterton \u2014 Trinity Bay \u2014 Climate change","Study_Area":"Winterton","WaterBody":"Trinity Bay","FRZ_Type":"Climate change","ReturnPeriod":"100 Year","Study_Year":2025,"Study_url":"https://www.gov.nl.ca/eccc/waterres/flooding/frm/"},"geometry":{"type":"Polygon","coordinates":[[[-53.33064,47.95752],[-53.32962,47.95752],[-53.32962,47.95809],[-53.33064,47.95809],[-53.33064,47.95752]]]}},{"type":"Feature","properties":{"name":"Winterton \u2014 Trinity Bay \u2014 Climate change","Study_Area":"Winterton","WaterBody":"Trinity Bay","FRZ_Type":"Climate change","ReturnPeriod":"100 Year","Study_Year":2025,"Study_url":"https://www.gov.nl.ca/eccc/waterres/flooding/frm/"},"geometry":{"type":"Polygon","coordinates":[[[-53.36,47.94083],[-53.32928,47.94083],[-53.32928,47.96986],[-53.36,47.96986],[-53.36,47.94083]]]}}]}